Yes,Quality-related aspects,Price and value,Performance and functionality,Design and features,Ease of use and usability
در اولین استفاده فوم و کرم بسیار خوبی از قهوه گرفتم و واقعا کمبودی در این دستگاه حس نکردم . البته فوم شیر رو نتونستم دربیارم و فکر کنم قلق داره .در ضمن توی مشخصات نوشته شده گرمکن فنجان نداره که اشتباهه و بالای دستگاه گرمکن فنجانه و خوب هم کار می‌کنه . با جمع بندی که کردم تمام دستگاه هایی مثل نوا بارنی مباشی دسینی رومانتیک زیگما ندوا و.... همشون در یه حد و از یه متریال استفاده شده و حتی تولید کننده هم یکیه که فقط اسم ها رو متفاوت میزنن ‌.,Yes,No,Yes,Yes,Yes
"دوستان من این رو برای خانومم گرفتم. الان حدود یکماه ازش استفاده روزانه کردیم و‌فکر‌ میکنم موارد مهم که باید گفته بشه اینان: این دستگاه قیمت پایینی داره، اما‌ در‌ واقعیت و استفاده روزمره چیز خاصی از دستگاههای تا سقف حدود ۵ میلیون کم نداره (جز قطع کن اتومات). من تجربه کار با مباشی هم داشتم و در نهایت قهوه ای که تحویل میگیرید تفاوتی با اون نداره.",Yes,Yes,Yes,No,Yes
من واسه خرید خیلی تحقیق کردم و با توجه به عکس های موجود و نظرات مثبت کاربران نظرم رو جلب کرد. کیفیت قهوه ای ک میده خیلی خوبه واقعا. ارزش خرید داره و واسه مصارف خانگی عالی هست نیازی نیست هزینه اضافه جای برند بدید و کارتون رو راه میندازه.,Yes,No,Yes,No,No
من دوماهه خریدم راضیم. هنوز نمیدونم فوم یکدست شیر میشه گرفت ازش یا نه. هنوز موفق نشدم. فوم رو قرار میگیره ولی زیر شیر مایع باقی میمونه که البته خیلی مهم نیست با همون فومی هم که میگیرم کلی طراحی میکنم.,No,No,No,No,Yes
دستگاه خیلی خوبیه من باریستام و بادستگاه حرفه ای کار کردم اول انتظار بالای ازش نداشتم ولی فک نمیکردم انقدر این دستگاه عالی باشه خامه قهورو خیلی خوب میگیره اسپرسو عالی تحویل میده اما باید پودر قهوه یکنواخت اسیاب شده باشه‌. درمورد نازل بخارهم خیییییلی خوب به شیر فوم میده قشنگ میشه باهاش آرت زدو حالی به حالی شد فوم زیادم میشه گرفت ازش نازل بخارش تراحی خوبی داره قسمت هواگیرش از خود نازل جدا میشه که برام جالب بود باعث میشه دیگه سوراخ هواگیرش بسته نشه و خیلی راحت شسته شه,Yes,No,Yes,Yes,No
با سلام من‌ این دستگاه رو از دیجی خریدم و از خریدم راضیم به نسبت قیمتی‌که دستگاه داره و کیفیت قهوه میشه گفت عالیه! قهوه از غلظت و خامه خوبی برخوداره و قدرت دستگاهم کاملا مناسبه درضمن این نکته رو بگم که از این مدل محصول بانام های دیگه هم تو بازار هست و مارک رو تغییر دادن مثل کیپر دسینی نوا و غیره درکل دستگاه خوبی هست و ارزش خریدش بالاس با تشکر,Yes,Yes,Yes,No,No
"دوستان از فروشنده بازرگانی شاکری خرید نکنید ، دستگاهی که یکی از خریدار ها مرجوع کرده بود همون رو برای من فرستاده ، دستگاه منم صدای وحشتناک داره و آب ازش نمیاد طبق همون نظری که دوستمون توی نظرات نوشته ، دفترچه راهنما هم داخل نبود ، قطرات آب روی بسکت و بدنه دستگاه مشخص بود یکی از قبل تست کرده و دیده کار نمیکنه مرجوعش کرده ، دیجی کالا خواهشا روی فروشنده ها نظارت بیشتر داشته باش ، همچیز به مرجوع کردن و ضمانت ۷ روزه نیست",Yes,No,Yes,No,No
کیفیت بسیار بدی داشت کنار اسپرسو ساز از دو طرف شکسته بود قبلاً توش آب ریخته بودن معلوم بود مرجوعی بوده دوباره همون کالا ارسال کرده بودن واقعا ناامید شدم از اینکه دیجی هیچ نظارتی رو فروشنده ها نداره عکسم میزارم خودتون ببینید,Yes,No,No,No,No
تک شات میزنه که البته کافیه بعداز اینکه چراغ سبز خاموش میشه چند ثانیه صبر کنید بعد ادامه بدید میتونید اب رو باهاش گرم کنید دستگاه خونگی و اقتصادیه,No,Yes,No,No,Yes
سلام خدمت دوستان عزیز باید بگم دستگاه خوبیه من که خوشم اومد البته تازه گرفتم کیفیتش باید تو بلند مدت معلوم بشه ولی در کل عالیه کیفیت اسپرسو عالی بود فقط یه انتقاد از مسولین دیجی کالا بگم داداش جنسی که مرجوع شده رو برا مردم نفرستین حالا من مرجوع نکردم ولی کار خوبی نیس پول میدیم جنس سالم بگیریم نه اینکه معیوب البته میدونم شما کارتون اینه درست بشو نیستین وسلام نامه تمام,Yes,No,Yes,No,No
از نظر کارایی خوبه و قهوه خوش طعمی داد. برا گرفتن فوم خوب حتما باید چندتا کلیپ‌آموزشی ببینید. ولی فوم با فرنچ پرس خیلی بهتر در میاد. یک دقیقه زمان‌ میبره دستگاه آماده بکار بشه برای اسپرسو. دو دقیقه زمان برای بخار فوم. طراحی ظاهریش زیبا نیست اصلا. جنس پلاستیک بدنه هم کیفیتش پایینه. سعی کنید ضربه نخوره ولی خب قیمت مناسبی داره نسبت به اسپرسو ساز ها. از فروشنده ای که من گرفتم کالا پلمپ نبود و روش جای اثر انگشت داشت.ولی نو بود. فکر کنم دستگاه ویتریتشو داده بمن!,Yes,Yes,Yes,Yes,Yes
به خوبی فوم قهوه رو در میاره نسبت به قیمت عالیه اگه بودجه زیادی ندارید در خریدش شک نکنید ویدیو های اموزشی برای کار با این دستگاه وفوم شیر سرچ کنید برای فوم خوب از شیر پر چرب استفاده کنید هرچه تماس لوله با شیر سطحی باشه کف بیشتر اگر عمیق باشه شیر گرم میشه الان دارم بعد از یکسال نظرم رو ویرایش میکنم هنوز هم عالی کار میکنه مثل روز اول حتما دقت کنید برای اینکه کیفیت دستگاه کم نشه از آب معدنی یا آبی که نیم ساعت جوشیده وسرد شده استفاده کنید,Yes,Yes,Yes,No,Yes
من یک ماه میشه که این دستگاه رو خریدم البته از بیرون حدود صد تومان ارزونتر از اینجا آب خورد. از من داخلش فنجان نبود که فکر کنم فروشنده برداشته..سبد هم فقط یه دوبل داخل کارتن بود که برای تک نفره باید جدا تهیه کرد. از نظر اسپرسو که خیلی عالیه من حتی بیرون همچی اسپرسو ایی ندیدم (از نظر طمع و خامه ای که میده) دستگاه خانگی باید قلقشون دستتون بیاد نهایت دو سه تا اولی رو خراب میکنین ولی بعد زمان دقیق رو متوجه میشین..,No,Yes,Yes,No,Yes
تقریبا تمام کالاهایی که از طریق فروشنده ارسال میشه یا خرابن یا قبلا به شدت استفاده شدن. این کالا از زیر مخزنش آب پس میداد و وقتی با فروشنده ارتباط گرفتیم مسئولیتش رو به گردن نگرفت. امیدوارم دیجی کالا یه فکر اساسی نسبت به رفع این مشکل بکنن.,Yes,No,No,No,No
"سلام این دستگاه در حد دستگاه های ۴،۵ میلیونی اسپرسو میسازه با قهوه لاوازا روسا یه اسپرسو فوق العاده ازش گرفتم . علت قیمت پایینش هم بنظرم برندشه که ناشناخته هست اگر این کیفیت و خروجی برندش مثلا نوا بود قطعا حدودا ۴ میلیون قیمت میخورد تو خریدش شک نکنید.",Yes,Yes,Yes,No,No
فک میکنم دستگاه های تا سه چهار تومن تقریبا مثل هم باشن پس دلیلی نداره هزینه اضافه کنید. همین دستگاه برای مصرف خونگی کاملا جواب میده. مگر این که بخواید چیز حرفه ای تر بخرید و بیشتر از سه چهار تومن هزینه کنید. فقط حس میکنم دستگاه من قبلا باز شده بوده. هم چسب های چکه گیر باز بودن تو عکسا هم مشخصه هم یه تو رفتگی ریزی کنار دستگاه بود. البته کارکرد دستگاه و عملکردش هیچ مشکلی نداشت. و در کل از خریدم خیلی راضی ام.,No,Yes,Yes,No,No
دستگاه بصورت جعبه ضربه خورده . منبع آب شکسته و پر از آب و پودر قهوه در اطراف بدنه به من با یک دوز تاخیر تحویل شد. گویا یکی قبلا مرجوع کرده و حالا بازرگانی شاکری همون دستگاه رو به من انداخته .با این تجربه به دیجیکالا و بازرگانی شاکری که مسئول اصلی این افتضاح هست نا امید شدم .,Yes,No,No,No,No
این دومین باره که این مدلو میخرم .فوم قهوه بسیار عالی میده که حتی تو مدلهای نیمه صنعتی هم ندیدم .ولی متاسفانه فقط به اندازه یه قهوه دوبل و یا دوتا تک گرم میمونه و دوباره باید منتظر بمانید تا دستگاه گرم بشه .برای گرفتن فوم شیر هم زود سرد میشه ..پمپ دستگاه بسیار پرقدرت هستش و من با تهیه یک عدد پرتافیلتر نیکد و کمی تغییرات در دستگاه توانستم ازش اسپرسویی بگیرم که قابل مقایسه با دستگاه های صنعتی صد میلیونی هستش .,No,Yes,Yes,Yes,Yes
اسپرسو ساز زیگما عملکرد عالی فقط یک نکته بگم که بنده اذیت شدم زمان راه اندازی اولیه چرا چون هوا گیری می خواست و کلا اب عبور نمیداد و صدای بلندی میداد که اول فکر کردم خرابه اما با خوندن دفترچه و تحقیق تو اینترنت متوجه شدم هوا گیری می خواد برای اولین بار استفاده حتما هواگیری و شستشو انجام بدید .,No,No,Yes,No,Yes
اگر شک دارید در خریدش میخوام مطمئنتون کنم. هم از نظر قیمت هم از نظر کیفیت انتظارات منو براورده کرده. منم اولش دنبال این بودم که نوا یا دلونگی بگیرم ولی قیمتاشون برای من که روزی چهار بار میخوام استفاده کنم اصلا منطقی نبود. من چون مصرفم کمه نمیتونم در مورد این که برای شرکت ها قابل استفاده هست یا نه نظر بدم. تنها مشکل اینه که دفترچه راهنما همراهش نبود و من هنوز با نازل بخار و پیچ کنترل بخارش نمیتونم درست کنم. توی اینترنت هم متاسفانه پیدا نکردم چیزی.,Yes,Yes,No,No,Yes
دستگاه مناسب از نظر کیفیت و قیمت,Yes,Yes,No,No,No
من دستگاه را در اردیبهشت ماه Yes4YesYes خریداری کردم و در مرداد ماه یک دفعه خراب شد و آب از کناره های دستگاه بیرون زد یک برگه گارانتی به نام رومانیک هوم داخل بسته بندی بود که وقتی تماس گرفتم گفتند چون از دیجی کالا خرید کردید ما قبول نمی کنیم و خود دیجی کالا هم گفت دستگاه گارانتی ندارد کلا از نحوه برخورد و عدم پاسخگویی به شدت ناراضی هستم,Yes,No,No,No,No
دوستان عزیز من برای خرید از دیجی کالا اول در مورد کالا تحقیق میکنم و بعد نظرات دوستان رو میخونم و بعد از اطمینان خرید میکنم در مورد این محصول هم باید گفت که بعد از کلی تحقیق و خواندن نظرات اکثر دوستان به این نتیجه رسیدم که خریدم رو انجام بدم و الحمدلله کالا صحیح و سالم به دستم رسید و ازش استفاده کردم و دقیقا متناسب با نظرات مفید دوستان بود. برای داغ تر شدن قهوه فقط کمی صبر کنید تا چراغ سبز حداقل یک بار خاموش بشه و دوباره سبز بشه تا حرارت بهتری پیدا کنه.,No,No,No,No,No
"با سلام من دوتا دستگاه سفارش دادم که از نا خدا همراه گرفتم یکی اکبند بدون ایراد بسیار عالی و دیگری استفاده شده که مطمئنا مرحوعی بود برای من فرستادن جالب اینجاست که ضمانت نامه هم همراه کالا نبود من حتی دستگاهم روشن نکردم وقتی دیدم دانه های قهوه زیر دستگاه ریخته شده خواهشا دیجی کالا نظارت کن این چه وضعیه این همه منتظر میمونیم بعد دستگاه استفاده شده برای ما میفرستی تازه من نزدیک به ۴۰۰ میلیون خرید داشتم از این شرکت ،،،این مشگل من نیست مشگل خیلی هاست",Yes,No,No,No,No
دوتا دستگاه گرفتم یکی اکبند و دیگری استفاده شده فرستادن,No,No,No,No,No
اگر مثل من شک دارید که اسپرسو ساز بخرید یا با موکاپات کارتون راه میوفته؟! حتما این رو بخرید تا متوجه بشید چقدر قهوه تون خوشمزه تر میشه من تا حالا تجربه کار با اسپرسو ساز نداشتم و واقعا برای اولین بار عالی بود فقط هم کافیه یک بار فیلم استفاده ش رو داخل آپارات ببینید تا کامل راه بیوفتید برای من هم دفترچه راهنما داشت و هم گارانتی,No,No,Yes,No,Yes
من بعد از شش ماه استفاده این نظرا مینویسم این مدل چون درجه فشار بخار نداره نمیدونی چ وقتای فشار بخار فول مبشه بعد دستگاه روشن کنی هر چند دکمه سبز روشن میشه ولی باید بلد باشی همیشه هوا گیری کنید موقع گرم شدن دتستگاه باید پیچ نازل بخار باز کنید تا اب تو مخزن بیرون بیاد هر وقت ب جای اب بخار اومد پیچ ببندید و منتظر باشید دکمه سبز بشه واقعا اسپرسو خیلی خوبی میده,No,No,Yes,Yes,Yes
"من قبل این دستگاه NDVA Yes47 که اشتباها به اسم نوا شناخته میشه داشتم دستگاه خیلی خوبی بود تقریبا ۳ سال و خورده ای ازش استفاده کردم روزی هم ۶ تا قهوه دبل میگیرفتیم ، خلاصه الان ندارمش و این مدل رو که ارزون بود بخاطر قیمتش به عنوان دستگاه دوم خریدم ، بخوام مقایسه کنم واس کسی که نمیخواد زیاد هزینه کنه خوبه ولی ایراد داره که میگم شاید کسی منصرف شد یا برعکس: اول از همه کفی ای که داخلش اب جمع میشه بسیار کوچیکه و هیچکسی رو ندیدم تو نظرات به این اشاره کن",Yes,Yes,Yes,Yes,No
سلام با بررسی فراوان و البته بازدید از نظرات دوستان این کالا رو انتخاب کردم. بسته بندی موقع تحویل که داغون. گوشه هاش مچاله شده و با چسب سمبل شده بود. کارتونو که باز کردم دستگاه کاملا خیس بود و کارتون رطوب وحشتناک داشت. با چشم پوشی از اینکه که تو عرض یکی دو هفته قیمت کالا حدود ۳۵درصد گرون شده گفتم حالا بزار باز کنم اگر اوکی بود بیخیال مرجوعی بشم. که دیدم بخش خروجی آب که عصارگیری از اونجا انجام میشه اثرات قهوه وجود داره! استارت رو که زدم کلا بخش بخارش که کار نمیکرد.,Yes,Yes,Yes,No,No
ببینید اگه اسپرسو ساز تا ۳ میلیون میخواین اصلا لازم نیست هزینه ان چنانی بکنید هیچ فرقی با اسپرسو ساز های نوا و مباشی نداره ممنون از دیجی کالا و فروشنده محترم,No,Yes,No,No,No
سلام به دوستای گلم. این کامنت مفصل را محض گل روی با مرامایی میذارم که اگه روزی پنج شش شات قهوه نزنن مثه خودم تا شب پکر میمونن و سر حال نمیان. من برای خرید این دستگاه زیگما مردد بودم اما بعد از تحقیق وقتی خریدم واقعا بالاتر از توقعم بود و جدی عالی بود. حالا چند نکته مهم: ۱. اولا در مورد قیمت این دستگاه که عالیه و از ارزونیش نترسید. همین دستگاه با همین قدر توان بهتون بهترین اسپرسو را میده مطمئن باشید. ۲. مهم ترین نکته در اسپرسو فوم هست بچه ها. اسپرسو یعنی فوم و فوم یعنی اسپرسو,No,Yes,Yes,No,No
"به شدت به کسانیکه میخوان از مرحله ی موکاپاده رو گازی، به دستگاه خانگیه ساخت اسپرسو انتقال پیدا کنن توصیه میشه .. سبک، زیبا، پرقدرت (نسبت به قیمت) و مقرون به صرفه، برای سرویس کردن کاملش هم میتونید کلیپهای آموزشیشو داخل اینترنت جستجو کنید، توجه کنید که حتما از آب تصویه شده و یا آب جوشیده سرد شده استفاده کنید،، که هم قهوه ی خوش طعم تری تحویل بگیرید و هم عمر دستگاهتون بیشتر بشه و کمتر جرم بگیره،، چنوقت یکبار هم میتونید از پودر جرم گیر دستگاه قهوه ساز استفاده کنید،",No,Yes,Yes,Yes,No
خوبه دستگاه کف خیلی خوبی روی اسپرسوداره فقط زمان اسپرسو دستی باید درست کرد تایم و اندازه ش تو دست آدم نیس,No,No,Yes,Yes,Yes
"نسبت به قیمت، دستگاه مناسبی هست برای استفاده حرفه ای تر باید بسکتش رو با بسکت غیرفشرده سایز ۵۱ جایگزین کرد بیشتر از ۱۴ گرم قهوه جا نمیگیره و میریزه و اگر قهوه حرفه ای میخواید ازش بگیرید سینگل ۱۰ گرم بگیرید یا اگر دبل میخواید بگیرید کمتر از دستگاه های حرفه ای عصاره گیری کنید تا قهوه غلیظ تری داشته باشید در ضمن کم بودن ارتفاعش باعث میشه تا پیچر رو به راحتی نتونید داخل نازل بخار ببرید و نازل بخار هم فقط افقی حرکت میکنه و کاملا آزاد نیست‌ در کل برای استفاده مبتدی انتخاب خوب .",Yes,Yes,Yes,Yes,Yes
من همه ی دو هزار نظر سایت دیجی کالا را خواندم و این کالا را خریدم . همه ی حرف دوستان تقریبا درسته . چون قبلا دستگاه نوا ۱۴۹ را امتحان کردم باید بگم دستگاه های همین رنج قیمت هیچ فرقی ندارن و عملکردشون یکسانه و برای مصرف خانگی و گاهی کاملا مناسبه و با توجه به قیمت ۲۲۰۰ آن مناسبه و لازم نیست خیلی بیشتر هزینه بشه مگر اینکه یک کار حرفه ای بیست میلیونی خریداری بشه . دستگاه خیلی پلاستیکی است و من از اول با مخزن پلاستیکی پشتش خیلی مشکل داشتم ولی با علم به آن خریدمش . ,Yes,Yes,Yes,Yes,No
اسپرسوی زیگما 222 به نسبت قیمت ارزان این سری اسپرسو سازهای 85Yes وات که از همه اسپرسوسازها ارزانتره اسپرسوی خوبی می دهد ولی در قیاس با اسپرسوسازهایی مثل نوا Yes28 یا مباشی 2Yes5Yes خامه اسپرسو با وجود ضخامت چشمگیر کف روش (حدود 2 سانتیمتر) ناپایداره و خامه ای غلیظ و پایدار نمی دهد بطوریکه پس از دو سه دقیقه کف از روی قهوه ناپدید میشه . برای محل کار یا کسی که قصد داره یک اسپرسوساز ارزان بخره مناسبه ولی کسی که اسپرسوی قوی می خواد از مدلهایی مثل نوا Yes28 یا مباشی 2Yes5Yes خرید کنه..,No,Yes,Yes,No,No
وقتی به دستمون رسید تانک آب و خود دستگاه شکسته یود ... قشنگ مشخص بود که قبلا یه نفر دیگه مرجوعش کرده چون چسبهای آکبندی هم باز شده بود... با خود فروشنده تماسگرفتیم برخوردشون افتضاح بود ... واقعا ما به اعتبار دیجی کالا خرید می کنیم این درست نیست که اینقدر آدم رو علاف کنند بعد هم کالای نامرغوب و شکسته و دست دوم بفرستن,Yes,No,No,No,No
"به شیش ماه نرسیده که خراب شد! اما نکته مهم این هست که این دستگاه اسما با گارانتی فروخته میشه، در صورتی که هیچ سایت، شماره تلفن و آدرسی از شرکت گارانتی (romantic home) در اینترنت وجود نداره! در حقیقت عملا گارانتی نداره این کالا!",Yes,No,No,No,No
"متاسفانه از لحاظ زمان ارسال 4 روز دیرتر رسید ، ولی خوشبختانه سالم بود و از کارکردش راضیم.",No,No,Yes,No,No
"بسیار دستگاه خوبیه، خیلی پرقدرت و فوق العاده نیست اما به راحتی میشه اسپرسو و فوم درست کرد باهاش و برای خونه کافیه. دستگاه بنده بدون مشکل یا شکستگی رسید و زیبا هم هست. بدنه اش پلاستیکیه و پلاستیک خیلی مقاومی هم به نظر نمیرسه، فقط همین قسمت های جلویی فلزی هستند. فشار بخاری که تولید میکنه هم اونقدر ها زیاد نیست در نتیجه فقط برای دو لیوان قهوه میتونید ازش فوم بگیرید یعنی تو پارچ به اندازه ای که دو لیوان قهوه فوم شیر نیاز داره بریزید و خیلی خوب در میاد.",Yes,No,Yes,Yes,Yes
بیشتر از هشت ماه هست که از این دستگاه مداوم استفاده میکنم. پمپ و بویلر بسیار قوی علیرغم اینکه از یه مارک ارزون و بی نام و نشون انتظار چندانی ندارید ولی کیفیت ساخت محصول عالی هست. ظاهرش خیلی شیکه و استیل براق و با کیفیتی جلوش کار شده. تنها ایرادش اینه که مخزن آبش خیلی بوی پلاستیک بدی میده و روی طعم قهوه ای که میخوردید اثر میذاره. این هم بگم که قسمت فلزی بالاش گرم نمیشه یه فکر نکنید چون فلزیه گرمکن فنجون داره. بخارش هم خدایی بد نیست البته من نتونستم کف شیر ایده آل ازش بگیرم.,Yes,Yes,Yes,Yes,No
من از فروشنده درجه یک بازرگانی پارادایس خریدم کاملا آکبند و بسته بندی خوب ارسال کردن باورم نمیشه قهوه ای که میده باکیفیت تر از دستگاه نوا هست هم داغ هم کرمای بسیار خوب انشالا همینجور بتونه خوب کار بکنه,Yes,No,Yes,No,No
بازرگانی شکار همه ابرات آلات داخل کارتن رو برمیداره یعنی دزدی میکنه دستگاه خوبه ها ولی از شاکری نخریده ابزار آلات داخل کارتن نمیندازه دستگاه هم پلمب نیست,No,No,No,No,No
تو یه هفته قیمتش ۶۰۰ الی ۷۰۰ تومن گرون شده. کاش دیجی کالا یه نظارتی رو قیمت ها داشته باشه,No,Yes,No,No,No
برای دفترمون مباشی خریدیم با قیمت بالاتر ولی من برای خونمون این دستگاه رو خریدم که خیلی بیشتر از دستگاه دفترمون ازش راضیم استیمرش قدرت خوبی داره و قهوه خوبی هم میده.من کافه رستوران داشتم و با دستگاه های حرفه ای کار کردم به نظرم این دستگاه برای مصارف خونگی عالیه,No,Yes,Yes,No,No
"خیلی عالی بود، کلی تحقیق کردم. مباشی زیگما نوا دلونگی ندوا،هرکی یچیزی گفت. آخر کار خودمو کردم اینو خریدم. همه چیز خوب اگه کار کردن باش رو یاد بگیرید که به مرور زمان یاد میگرید، میتونید هم قهوه خوبی در بیارید هم کاپوچینو و... فوم گیری هم قلق داره بعد چند بار دستتون میاد. من راضی بودم خیلی زیاد. تشکر از دیجی کالا",No,No,Yes,No,Yes
سلام ازفروشنده ممنونم واقعادست شان دردنکنه 2روززودترازموعدارسال کردن واسپرسوسازخیلی خوبی هست اینم عکس گرفتن اسپرسوعالی هست این عکس هاهم بعدازیکماه استفاده گرفتم گذاشتم دوستان ببینن,Yes,No,Yes,No,No
"واسه من تامین کننده کالا دستگاهی فرستاده که پر خط و خشه. عکسشو میذارم ببینید... ولی در کل تو رنج قیمت 2.5میلیون دستگاه‌ خوبیه. تامین کننده های کالا اینو مد نظر داشته باشن که مشتری مجازی قرار نیست کالای ته انباری و معیوب رو خریداری کنه. طرف داره هزینه میکنه، خوبه تو این شرایط گرونی و... هوای همدیگه رو داشته باشیم. ضمنا آموزش استفاده از دستگاه توی سایت آپارات و یوتیوب موجوده. کافیه فقط سرچ کنید.",Yes,Yes,Yes,No,Yes
من تقریبا همه نظرات رو خوندم و واقعا خوشحالم از انتخابم دستگاه بسیار خوبیه. هم اسپرسو خوبی میده هم کف شیر عالی برای من که لته می خورم همه چیز عالیه,Yes,No,Yes,No,No
"دوستان من نظرمو بعد از سه هفته استفاده بهتون میگم،دستگاه من بعد از سه هفته خراب شد و پمپ سوزوند،دو تعمیرکار مختلف گفتن این دستگاه ساخت ایران هست و قطعات (بویلر وپمپ)که اصلی ترین قطعات سازنده اسپرسو ساز میباشد بسیار جنس بی کیفیت و بدی داره به طوری که به من گفتن دستگاهو دور بندازم چون پمپ دستگاه نزدیک ۱۲۰۰ بود و گفتن اگه عوض هم بکنم به علت اینکه بویلر این دستگاه هم ضعیفه میزنه دوباره پمپو میسوزونه،یعنی من ۱۷۰۰تومن رو علناً دور ریختم ودستگاهو باید بندازم دور. .",Yes,No,Yes,No,No
"دستگاه در یک پلاستیک بود و خبری از جعبه و ضربه گیر نبود، ولی خدا رو شکر سالم بدستم رسید فقط هواگیری دستگاه خیلی اذیت کرد که با چند بار تکرار موفقیت آمیز بود. ",No,No,No,No,Yes
کالا شکسته به دستم رسید‌ و پر از خط و خش.مرجوع کردم.منتظر برگشته هزینه بودم از ۲۴۰۰ شد ۳۵۰۰🤔🤔چطور ممکنه تو۲ روز!که خوب البته از شرایط بدمون خیلیم دور از ذهن نیست. دیگه نخریدم.البته با قیمت ۲۵۰۰ اینا خوب بود‌.چون قسمته دکمه ها پلاستیکه.مخزن اب سبکه.کل دستگاه بیتر از پلاستیکه تا استیل.اما واقعا به نظرم واسه ۳۵۰۰ یکم بیشتر بزارید مارکه بهتر یا مدله بهترشو بگیرید,Yes,Yes,No,Yes,No
"بعداز۱۰روز رسید دستم،اونم خراب.زنگ زدم پشتیبانی،گفتن بایدمرجوع بشه.اصلا آبو داغ نمیکنه و چراغ سبز دائم روشنه.من۹۸بارازدیجیکالا خرید داشتم.این بار خیلی حالم گرفته شد",Yes,No,Yes,No,No
این یکی از بهترین خرید های من بوده چون این اسپرسو با این کیفیت رو باید با برند های دیگه سه الی چهار برابر بیشتر پول بدی تا بدست بیاری بسیار خوب به قدرت و کیفیت دستگاه توجه شده نسبت به دستگاه های همطراز صدای خیلی بهتری داره و در واقع کم صداست و این مزیت بزرگیه کیفیت تولید کف شیر بسیار عالی و فراتر چیزی هست که تصور میکردم هم اسپرسو هم کاپوچینو هم لاته و هم امریکانو رو عالی تحویل میده فقط باید نکات مهم استفاده از دستگاه رو بلد باشید و از قهوه خوب استفاده کنید.,Yes,Yes,Yes,No,Yes
"من تعمیرکارم ووقتی این دستگاهو بخاطر اعمال تغییرات اساسی باز کردم متوجه شدم که همه دستگاههای خونگی ۹۸درصد همه قطعات یکیه فقط فرقشون بخاطر یه برد هست که بعضیا دارن بعضیا ندارن که واسه تنظیمات دمای اب وبعضی مدلها فشار اب هست .ولی درکل قیمتش زیاده برا دوتا قطعه که داخل به جعبه گذاشتن ،متاسفامه اینجا وطنه و راه دیگه ای نداریم همه چی گرونه",No,Yes,No,Yes,No
"من ، وقتی بدستم رسید مخزن اب وصل میکردم نشتی اب داشت خیلی هم زیاد ،مرجوعش کردم گفتن مشکل نداره همون طور پس دادن ، واقعا متاسفم سرویس دهی دیجیکالا افتضاح ، دیگه وسیله برقی نمیخرم ازش",Yes,No,Yes,No,No
من این اسپرسو ساز رو به مدت یک ماهه که خریدم و در کل ازش راضی هستم فوم خوبی میده و نازل استیم واندش هم به خوبی شیر رو به فوم میاره منتها کاملا برای استفاده خونگی و در حد یکی دو نفر خوبه به نظر میرسه ظرفیت مخزن بخارش کم باشه چون حتی یک فنجون اسپرسو دبل هم که بخواید بگیرید باید بالای سر دستگاه باشید و بعد از حدود 3Yes الی 4Yes سی سی علامتی که نشون میده بخار کافی برای عصاره گیری وجود داره خاموش میشه و شما باید عصاره گیری رو متوقف کنید و حدود 2Yes ثانیه بهش زمان بدید,Yes,No,Yes,Yes,Yes
"باسلام دوستان این دستگاه به قیمتی که داره خوبه. قدرت فشار بخار عالی هست، بخارش خوبه، بدنه زیاد ضخیم نیست برای منزل مناسبه نه مغازه و کافی شاپ. درجه نشانگر بخار نداره، بجاش چراغ سبز داره، به همین دلیل قیمتش کمتره.البته میشه درجه هم روش نصب کرد با هزینه 5YesYes تومن. دستگاه برای من نو و بدون استفاده رسید، کارتن سالم و دستگاه آکبند. ابتدا دفترچه فارسی مطالعه کنید و هواگیری یاد بگیرید بعد چند بار از دستگاه آب جوش بگیرید تا شسته بشه مجاری عبور آب",Yes,Yes,Yes,Yes,Yes
عالی عالی عالی واسه استفاده خونگی عالیه با این قیمت اصلا توقع نداشتم با این کیفیت بالا اسپرسو بزنه در حد گرونترین اسپرسوسازها قهوه درست میکنه,Yes,Yes,Yes,No,No
سلام.من تجربه کار با دستگاه دلونگی685 رو دارم..درخرید این دستگاه تردید داشتم دیروز به دستم رسید. خیلی سورپرایز شدم.عصاره گیری به مراتب از دلونگی بهتر گرفت و یک قهوه عالی بهم داد! تنها ضعفش نداشتم توری تک کاپ هست که باید جدا تهیه کرد..در کل اگر مثل من تردید دارید باخیال راحت بخرید. عکس هم گذاشتم. ممنون دیجی,No,No,Yes,No,No
خیلی خوبه فقط اینکه حتما اینا رو توجه داشته باشید تو خرید پودر قهوه ای که میخرین دقت کنین چون اگه ریز زیاد بکنی داستان میشه درشت کنی داستان میشه من خودم با اینکه دو هفته دارم هنوز سرش داستان دارم اول از جای معتبری بپرسید چه قهوه ای خوبه همون استفاده کنین بعدش اینکه چند وقت به چند وقت آب جوش رو روشن کنید یا بخار رو که یکم هواگیری بشه اینجوری بهتره بعدشم اینکه این مثل قهوه ساز های به اصطلاح صنعتی نیست که هر دیگه استفاده کنین برای تفریح مثلا یه بار حوس‌ می‌کنی میخوری ,Yes,No,No,No,Yes
"واقعا راضیم .به عنوان خرید یک اسپرسوساز خانگی تجربه ی خوبی بود . خدارو شکر پشیمون نشدم چون هم بسته بندی خوبی داشت هم اینکه سالم بود من تمپر براش نگرفتم بایکم فشار دست میشه فشرده کرد دونه های قهوه رو. اسپرسوی خوبی هم میشه ازش گرفت کار با نازل بخارشم تازه یاد گرفتم و فوم خوبی از شیر تونستم بگیرم برای گرفتن فوم شیر و به اصطلاح کف ،شیر پرچرب باید داشته باشین لیوان یا پیچر رو تا نصف شیر بریزین و یکم کج کنین تا نازل بخار (بدون اینکه لوله فلزیشو دربیارین) بصورت مورب داخلش قراره بگیره",Yes,No,Yes,No,Yes
"من با توجه به قیمت پایینتر نسبت به اسپرسو سازای دیگه و همینطور بعضی نظرات منفی با تردید سفارش دادم ولی بعد استفاده چن روزه میتونم بگم یکی از بهترین اسپرسو سازهای خونگی بازاره که به راحتی میتونه با اسپرسو سازهای گرونتر خونگی که من خودم امتحان و مقایسه کردم رقابت کنه البته در مورد کیفیت قطعات و مشکل پیدا نکردن در دراز مدت میشه نظر داد چون فعلا چن روزه من دارم استفاده میکنم ، برای بار اولی که دستگاه رو روشن میکنین حتما هواگیری انجام بدین.",Yes,Yes,Yes,No,Yes
"دستگاه بدون بسته بندی دیجی کالا به دستم رسید، بدون هیچ گونه محافظی ک توی کارتون باشه(یعنی دستگاه داخل کارتن خودش کاملا ازاد بود و ازین طرف به اون طرف تکون میخورد) بعد از ۵ بار استفاده، اب و بخار از درزهاش زد بیرون و دیجی کالا هم که هفت روزش گذشته مرجوعی قبول نداره، اطلاعاتی هم از فروشنده موجود نیست ک بخوام از اون پیگیری کنم، یه کارت گارانتی ۲۴ ماهه بدون مهر و امضا و ادرس و هیچی داخلش بود که عملا بی فایدست. قیمتش هم طی کمتر از یک ماه ۱ میلیون گرونتر شد.",Yes,Yes,No,No,No
من خریدم دوتامشکل داشت حقیقت یکی اینکه ضربه خورده بودکنارش ویکم رفته بودتویکی هم اینکه دکمه سبزروشن نمیشه ولی کارمیکنه وقهوه خوبی میده ازانصارگالری نخرین,Yes,No,No,No,No
تقريبا يك ماهه كه دستگاه رو خريدم و بايد بگم نسبت به قيمتش عملكرد خوبي داره,No,Yes,Yes,No,No
"اگر اسپرسو ساز با قیمت مناسب میخواهید و خیلی به برند و طراحیش اهمیت نمیدید حتما بخرید. اسپرسو بسیار خوبی میده و شیر رو هم به خوبی فوم دار میکنه. البته من با دلونگی ۶۸۵ که در منزل دارم به جهت ارتفاعش راحتتر کار میکنم، هم سرعتش بالاتره و هم استاندارد طراحیش و جنس بدنه و غیره. دستگاه زیگما رو برای محل کار گرفتم و با تفاوت ۴ میلیون در قیمت واقعا تفاوت زیادی در قهوه ای که میسازه حس نکردم. توصیه میکنم بخرید.",Yes,Yes,Yes,Yes,Yes
مرجوعی دیگرانو برام فرستادن و دستگاه شکسته بود مرجوع کردم ولی پس فرستادن و بنده تحویل نگرفتم دستگاهو بردن هیچکس هم پاسخگو نیست,No,No,Yes,No,No
دستگاه مرجوعی به دستم رسید جای اثر انگشت رو دستگاه بود و کثیف خراب بود و به محض فشار دادن کلید پاور دستگاه کل مخزن آب رو خالی میکرد بیرون و چراغ آماده بودن دستگاه سبز نمیشد و کلا دستگاه از کار می افتاد مرجوع کردم واقعا از فروشنده این کالا شاکی هستم و میدونم دستگاه مرجوعی و خراب من رو برای کس دیگه ارسال میکنه,Yes,No,Yes,No,No
از انصار گالری گرفتم از نظر کیفیت مثل اسپرسوساز های برند هست اما شکستکی بدنه داشت میخاستم مرجوع کنم بیخیال شدم کاش دیجیکالا دقت کنه روی ارسال محصولاتش 🤦🏻‍♀️,Yes,No,No,Yes,No
"دستگاهی ک فقط فقط برای کیفیتش هزینه میکنید و مبلغ بیشتری بیهوده برای برند دستگاه نمیدید،قیمت تو بازار مناسب تر از دیجی کالا",*,Yes,No,No,No
"YesYes روز میشه برای محل کار خریدم روزی یک بار، دو فنجان استفاده می کنیم در کل عالیه اولین استفاده از دستگاه اسپرسوز ساز هست اما از دیجیکالا جهت ارسال که 75 هزار تومان گرفت ناراضی هستم از بیرون بخرید ارزونتر هم میشه پیدا کرد .بعد از چند روز استفاده متوجه شکستگی در گوشه دستگاه شدم و ایراد در قطعه الومینیومی که عکسارو میزارم بهتره موقع تحویل دقیق بررسی کنید",Yes,Yes,No,No,No
حتما فقط وقتی چراغ سبز روشن هست قهوه بگیرین وقتی خاموشه آب مناسب نیست . کف شیر یا همون فوم خوبی می‌سازه و کرم خوبی هم میده درکل بااین قیمت خیلی مناسبه . من قهوه خور هستم وتمام دستگاه های همه نوع قهوه رو دارم ومطمئن باشین پشیمون نمیشین,Yes,Yes,Yes,No,No
من این اسپرسو ساز رو پارسال خریدم و توی این یکسال راضی بودم تا دستگاهم به مشکل برخورد و هرچی گشتم اصلا جایی به نام ابزاریران وجود نداشت که این دستگاه رو گارانتی کرده بوده دیجی کالاها هم اصلا پیگیری هام رو جواب نداد مواظب باشید اگر خراب بشه باید بدید یه نفر دیگه درست کنه,Yes,No,No,No,No
ما این دستگاه رو به مدت چهار سال سر کار به صورت دو شیفت شب و روز و حداقل روزی ده بار استفاده میکنیم بیشتر برای مصرف اسپرسو . واحد های دیگه از برندهای ذیگه استفاده میکنن که قیمتشون ازین هم بیشتره . اما این خیلی ازونا بهتره. بخاطر همین برا خونه هم سفارشش دادم که امروز به دستم رسید و تو تست اول اسپرسو و کاپوچینو با کیفیت بالایی بهم داد. تو خریدش شک نکنید.,Yes,Yes,Yes,No,No
دستگاه خوبیه.قطعات تمام مدلهای زیر پنج میلیون همشون یکیه فقط اسم برنده که قیمت رو بالا پایین میبره.فشارآب وبخار خروجی عالیه.موقع کار یک مقدار صدای دستگاه زیاده.ولی در کل راضیم.البته هنوز تو بلند مدت معلوم نیست.ضمنا دستگاه رو هم از فروشگاه آسمان آبی خریدم که کاملا نو بود.,Yes,Yes,Yes,No,No
از ناخداهمراه خریداری کردم متاسفانه دستگاه ایراد فنی داشت و استفاده شده بود که دیجیکالا عزیز مرجوعی قبول کرد قصد دارم دوباره از فروشگاه دیگری خرید کنم همین مدل,Yes,No,No,No,No
دوستان من حدود ۳ ماه هستش که استفاده می کنم و شدیدا راضی هستم..برای عصاره گیری بهتر حتما تمپر تهیه کنید و درجه ی آسیاب مناسبی رو برای قهوتون انتخاب کنید.,Yes,No,Yes,No,No
از فروشنده یوشاپ همراه خریدم بعد یک هفته دستگاه کارکرده برام فرستاد و مرجوع کردم یکم برای مشتری ارزش قائل بشید,Yes,No,Yes,No,No
اول که بدستم رسید یه مقدار خط و خش داشت که چشم پوشی کردم که مرجوع نکنم ونگه داشتم برام کاریاییش مهم تر بود که تجربه دو هفته استفاده رو خدمتتون عرض میکنم پمپ این دستگاهی که دست من رسیده بسیار ضعیفه و شدت آبی که ب سمت پرتافیلتر هدایت میکنه بسیار کمه که باعث میشه عصاره گیری یکنواختی بدست نیاد و قطره قطره عصاره گیری انجام میشه که از نظر کرما و بادی قهوه تاثیر منفی زیادی داره. من یک مقدار دیر متوجه این موضوع شدم ,Yes,No,Yes,No,No
کنار دکمه ها جای ضربه داشت ظاهر دستگاه رو آسیب زده بود کارتن روکه باز کردیم انتهای مخزن آب بود معلوم بود مرجوع کرده بودن بعد همونم چسب جدید زدن فرستادن واسه ما این اصلا منصفانه نیست دیجی کالا روی اجناس نظارت بیشتری بکنه,Yes,No,No,Yes,No
بسیارخوب.دررابطه بادوست گرامی که گفتندداخلش فنجان نبودعرض کنم که اصلا توی منوی وسایلش فنجان نداره. نسبت به اسپرسوسازهای دیگه قیمتش مناسبه,No,Yes,No,No,No
من قبلا مارک دسینیشو داشتم ازش خیلی راضی بودم بر اساس همون اینو سفارش دادم دقیقا همون چیزیه ک تو عکسا میبینی خیلی خوشگله و قدرت خوبی داره برای خونه بعد از سفارش فرستنده از طریق واتساپ خیلی منو راهنمایی کردن و بهم یاد دادن چطور هواگیری کنم و هر موقع تماس گرفتم پاسخگو بودن واقعا راضی بودم فقط یه نکته هست ک ب خریدار ها توصیه میکنم اون این که رنگ مشکی و نقره ای و استیلی هیچ فرق با هم ندارن خیالتون راحت هر سه یکیه,No,No,Yes,Yes,No
این محصول رو بخاطر نظرات بالایی ک داده بودن خریداری کردم ولی وقتی رسید دستم متاسفانه معیوب بود وعصاره گیری انجام نمیداد ک درخواست مرجوعیش رو دادم,*,No,No,No,No
سلام دوستان وقتتون بخیر بنده به عنوان کسی دارم این نظر رو مینویسم که با بیش از ۲۰ دستگاه خانگی و نیمه صنعتی کار کردم و با علم بر ساختار و نوع کاربری میخوام چندتا نکته خدمتتون عرض کنم. اول اینکه اگر دنبال دستگاهی میگردید که حرفه ایی باشه و کرمای عالی بهتون بده و تمرین باریستایی بکنید این دستگاه به درد شما نمیخوره. ولی اگر یک کاربر خانگی هستید و میخواید بدون دردسر روزانه قهوتون رو نوش جان کنید و دغدغه آسیاب و نیدل و تمپر و ترازو و… نداشته باشید این دستگاه دقیقا میتونه نیاز شمارو بر آورده کنه,Yes,No,Yes,No,Yes
"هم کارتن دستگاه پاره شده بود هم دقیقا از قسمت پاره شده به دستگاه فشاره اومده و بدنه دستگاه شکسته . تا دیدم شکسته مرجوع کردم ، روشن نکردم که ببینم کارکردش چطوره",Yes,No,No,Yes,No
"از کارتن که درش اوردم ، کاملا از قبل استفاده شده بود، قطرات آب روش بود، داخله محفظش آب بود ، تمام قطعات دستگاه بوی قهوه میداد. کارکرده بود، مرجوع کردم.",Yes,No,Yes,No,No
"با دید مصرف موقت خریدم که بعدا یک دستگاه خوب مباشی بخرم ولی با اولین استفاده نظرم عوض شد و در این چند ماه بسیار راضیم ،و کار همان دستگاهای مباشی با دوبرابر قیمت رو انجام میده،عصاره گیری و طعم مناسب داره و کف و کرما بسیار زیادی میده به طوری که در اولین مرتبه استفاده سوپرایز شدم،قطعات ساده ای داره که باعث میشه تعمیراتش و سرویسش راحت و کم هزینه باشه ، ظاهرش هم بهتر از عکسش راضیم کرد ، تنها ایرادی که میتونم ازش بگیرم توان ۸۵۰ واتش هست که کمه و گاها قهوه خروجی خیلی گرم نیست ",Yes,Yes,Yes,Yes,Yes
یک دستگاه ناقص و با قدرت 5 بار به جای Yes5 بار بقیه نظر ها یا فیک است یا این ها را از روی اینکه خودشون خریدن بقیه هم بخرن تنها به فنا نرن,No,No,Yes,No,No
"من تقریبا سه ماهه خریدم از دیجی کالا، خیلی زود و سالم به دستم رسید، هم اسپرسو هم لاته و کاپوچینو باهاش درست میکنم و کیفیت خوبی داره، برای مصرف خونگی حرف نداره و پولتون رو برای مارک های الکی گرون هدر ندید. قبل از خرید به من میگفتن حتما باید فشار بخارش ۲۰ بار باشه وگرنه خوب نیست ولی این دستگاه هم فشار بخارش عالیه و هم قدرت پمپ اش خوبه در کل از فروشنده معتبر بخرید که سالم برسه دستتون",Yes,No,Yes,No,No
در این سه ماه که دارم استفاده میکنم از همه چیش راضیم غیر از افزایش شصت درصدی قیمتش! چه خبرتووووونه!,Yes,Yes,No,No,No
خیلی متشکرم من دوتا سفارش دادم دستم رسید خیلی ممنونم از عوامل دیچی کالاوفروشنده خوش برخورد شرکت,No,No,No,No,No
این کالا رو یکی از دوستانم که چندین سال هست تو کار قهوه و تعمیر دستگاه قهوه ساز هست معرفی کرد. ده روزی هست خریدم و راضی ام,No,No,No,No,No
با سلام و تشکر از دیجی کالا. امروز دستم رسید و شش استکان لاته درست کردم تو یک ساعت عالی بود. قبل استفاده چند تا کلیپ ببینید تا نکات خوبی دستتون بیاد. صدای زیاد اول دستگاه برای هواگیری و طبیعیه. اومدن چند قطره اب انتهایی هم نرمال هست. خوب بخار میده و اگه بلد باشی کف شیر خوبی ایجاد میکنه. کیفیت قهوه مطلوب و کاملا قابل قبوله.,Yes,No,Yes,No,Yes
"راستش من بر اساس کامنتهای دوستان و قیمت مناسبش این اسپرسوساز رو انتخاب کردم و فعلا که چند روزه باهاش کار میکنم مشکل خاصی ندیدم البته چون من اولین بار هست که اسپرسوساز میخرم و نمیتونم با چیزی مقایسه اش کنم که بگم خیلی خوبه یا خیلی بده ، ولی احساس میکنم برای ما خونگی ها که در روز فوقش ۲ فنجان قهوه میخوایم بخوریم این دستگاه کار راه اندازه ولی مطمئنا در حد خیلی حرفه ای برای یه کافی شاپ نیست ، در کل از خریدتون پشیمون نمیشین فقط ببینید خواستتون چیه",No,Yes,Yes,No,No
سلام دستگاه امروز بدستم رسید و طبق نظر دوستان این دستگاه رو خریدم و واقعا کارکردن باهاش راحته و اسپرسو ش عالیه و کرمایی که میده بسیار خوبه من که از خریدم راضی هستم البته بای دید در آینده چه خواهد بود,No,No,Yes,No,Yes
باتوجه به موردی که برای بار اول در کالا دیدم به خوبی راهنمایی کردند و کالا مرجوع شد.و برای بار دوم که خرید کردم راضی بودم.,Yes,No,No,No,No
"از دیجی کالا نخرید، دسگاه خوبیه ولی دیجی کالا دسگاه خراب میفرسته،مرجوعیم قبول نمیکنه و دسگاهو دوباره میخاد بهم برگردونه ،گول قیمت پایینش نسبت به بازارو نخورید،پول میدید دسگاه خراب میفرسته،مرجوعی قبول نمیکنه،ضمانت نامشم نا معتبره ،حالا خود دانید",Yes,Yes,Yes,No,No
"سلام تازه چند روزه رسیده به دستم اما خانواده و اقوام چیزی حدود ۴ دستگاه ازش داشتن و با توجه به تجربه خوبی که داشتن من هم تهیه کردم یک بار دستگاه خانوادم مشکل پیدا کرده بود بردیم برای تعمیر ،متخصصش گفت قطعاتی که داخلش داره فوق العاده با کیفیته ما هم باتوجه به بودجه کمی که داشتیم همین دستگاه رو خریداری کردیم امیدوارم از این دستگاه در آینده تقلبیش رو نسازن",Yes,Yes,Yes,No,No
دستگاه خرابه اب از دستگاه خارج نمیشه حتی قهوه رو خیس نمیکنه دستگاه روشن میشه اب جوش میاد اما اب خارج نمیشه حتی زمانی که بدون قهوه میخوایید استفاده کنید اصلا اب خارج نمیشه,Yes,No,Yes,No,Yes
در کل خوب بود ولی نمی‌دونم چرا قسمتی که قهوه گذاشته میشه پر آب میشه بعد عصاره گیری شایدم من زیاد وارد نیستم,Yes,No,Yes,No,No
دستگاه فوق العاده ای هست و با قیمت مناسب . امروز به دستم رسید . اسپرسو عالی و با کرمای عالی میده .,Yes,Yes,Yes,No,No
با توجه به قیمتش هم قهوه و فوم شیر خوبی میده هم جنس بدنه خوبی داره واقعا بصرفه اس خریدش,Yes,Yes,Yes,Yes,No
عالیه عالیه. فقط دوتا نکته ۱از قهوه خوب با آسیاب خوب استفاده کنید ۲بعد از هر عصاره گیری دستگاهتونو خوب تمیز کنید. عالیه واسه خونه هم اسپرسوش عالیه هم استیمش برای کاپوچینو,Yes,No,Yes,No,Yes
یه بار نشد من از دیجی کالا خرید کالای برقی انجام بدم و کالا سالم باشه اینم از این که روشن میکنم صدای تراکتور میده و اصلا آب پمپ نمیشه برای ساخت اسپرسو بعدم دستگاه رو باید دو دستی بگیری دستت وگرنه از شدت لرزش دستگاه حرکت میکنه,Yes,No,Yes,No,Yes
من برا روز مرد برا همسر جون سفارش دادم.از رو نظرات البته.بعصیا ناراضی بودن ولی با بودجه خودم این به نسبت بقیه بهتر بود.خودم اسپرسو دوس ندارم اما همسری میگه خامه خیلی زیاد و خوبی میده.بسته بندیش خوب بود فقط یکم توی کارتون کاغد بذارن که حعبه اصلی تکون نخوره بهتره.با این قیمت واقعا عالیه کار دستگاه.اب تصفیه حتما تو مخزنش بریزید دوستان.فیلتر و کاپشم لطفا نشورید.همسر میگن با دستمال پاک کنید.جایی که کاپم نصب میکنید مرتب با دستمال پاک کنید,Yes,Yes,Yes,No,Yes
متاسفانه بعد مطالعه دفترچه فیلم نصب دستگاه را روشن کردم فقط اب را پر کردم دفعه اول بعدذاز سبز شدن دکمه دستگاه داغ میشد اما دریغ از یک قطره اب که خارج شود و صدای زیادی هم داشت و سپاس از دیجی کالا که مرجوعی رو تایید کرد تنها فروشگاه اینترنتی که دل مشتری نمیلرزه و مطمئن خرید میکنه کالا مشکل دار باشه براحتی شرایط جهت مرجوعی و بازگشت وجه همواره سپاس ازمسولین پیگیری و پشتیبانی و پست وارسال وارجاع دیجی کالا,Yes,No,Yes,No,No
دستگاه کاپش درست بسته نمیشد مرجوع کردم و جدیدا هم دیجی کالا توی تحویل کالا خیلی داره اذیت میکنه,No,No,No,No,No
یوشاپ همراه کالای شکسته برای من ارسال کرد و الان مرجوعش کردم امیدوارم برای کسه دیگه ای دوباره نفرستنش !! تکمیلی : بعد از مرجوعی از تامین کننده خوب بازرگانی پارادایس گرفتم که خوشبختانه کالا کاملا سالم بود و الان راضیم ممنون از دیجیکالا که پروسیه مرجوعیش سریع و حرفه ایه,Yes,No,No,No,No
"از خود دستگاه خوشم اومد ولی دست دوم بود و پر از خش وکثیفی بود وکارتنش تمام نقاطش کثیف و سیاه سیاه بود ومعلوم بود تا حالاده بار مرجوع شده تا به دست من رسیده و هفت روز مهلت مرجوعی داشته و ۱۰۰هزار تومان بیشتر از بقیه فروشنده ها خریدم که یعنی خوبش گیرم بیاد که بر عکس شد و قشنگیش اینجاست که مرجوعی را قبول نمیکنند چرا خدا داند اگه کسی میتونه راهنمایی کند لطفآ جواب منا بدهد ممنونش میشم،باتشکر",Yes,Yes,No,No,No
به نسبت قیمت واقعا دستگاه عالی هست و کیفیت قهوه خوبی میده برای مصارف خونگی عالیه من قبلا دستگاه نوا داشتم کیفیت قهوه با زیگما یکیه فقط پول برند میگیره,Yes,Yes,Yes,No,No
سلام به دوستان دقیقا یکماه کار کرد روزی دو کاپ و با رعایت تمام مسایل و تمیز کاری و آب خوب و فشار نیاوردن و همه این چیزا جنس ارزون همینه دیکه دوستان نظر میذارن ما هم اعتماد میکنیم میخریم,Yes,Yes,No,No,No
۶ ماهه داریمش خوب بوده مشکلی نداشته هم قهوه خوبی میده هم کرما خوبی و هم خامه شیر برای کاپوچینو بخرید ضرر نمیکنید اگر استفادشو بلد باشید و اینکه اولش که هر بار روشن میکنید مراحل هواگیری رو انجام بدید که قهوه خوبی بهتون بده و ظرف ابش همیشه پره پر باشه هواگیریش هم تو گوگل توضیح داده بخونید بعد استفاده کنید تا لذت ببرید,Yes,No,Yes,No,Yes
دنبال چیز گرون نباشین من هم این مدل رو برای دفترم گرفتم هم یه مدل بالای آلمانی برای خونه ولی تکنولوژی عصاره گیری در هر دو مشابه بود‌. اگر دنبال یه گزینه خانگی اقتصادی هستین این مدل خوبیه,Yes,Yes,Yes,No,No
دستگاه به نسبت قیمت ککارایی خوبی داشت. بهترین قهوه رو با اسیاب شماره دو میده.موقع خرید و اسیاب قهوه از فروشنده بخاید با اسیاب شمماره دو اسیاب کنه قهوه رو براتون با یه تمپ ملایم قهوه خوبی میده من که راضی ام از دستگگاه.,No,Yes,Yes,No,No
با سلام زمانی که دستگاه به دست من رسید درب مخزن آب شکسته بود این دومین بار است که اجناس خریداری شده از دیجی کالا معیوب به دستم می‌رسد به نطر شما این وضعیت می‌تواند امتیازی داشته باشد,Yes,No,Yes,No,No
"نسبت به قیمت گزینه خوبی ست، فقط چند تا نکته حائز اهمیته: Yes.ارتفاعش نسبتا متوسطه یه وقت فکر نکنید ارتفاعش زیاده.(اندازه تا 3 میلیون، همینه تا جاییکه بیرون از نزدیک دیدم ) 2.کف خوبی میده فقط باید حجم شیری که میربزید یک چهارم ظرفتون باشه و ظرف هم استوانه ای باشه دیواره هاش بلند باشه 3.برای کاپوچینو از لیوان استفاده نکنید در حد فنجان بزرگ بهتون کاپوچینوی کافه ای میده و لذتشو میبرید. 4.اسپرسو باید در حد فنجان کوچیکه قهوه خوری حتی کوچکتر باشه تا اسپرسوی واقعی رو نوش جان کنید. ...",Yes,Yes,No,Yes,No
"۳ تا دستگاه دارم از همین مدل ،مغازه و منزل و خونه مادرم هر سه تا از فروشنده های مختلف خرید کردم اولی نزدیک ۱ سال هست دارم استفاده میکنم با سومی که یک هفته شده مصرف میکنم هیچ تفاوتی نداره )حتما حتما تمیز کردن دستگاه بعد از هر بار اولویت اصلی باشه) میتونید با یکم دقت و یکم حوصله بهترین حالت برای آسیاب دستگاهتون رو پیدا کنید و لذت ببرید",Yes,No,Yes,No,Yes
من از مارک های معتبر دیگه هم استفاده کردم و این دستگاه رو برای محل کارم خریدم. روزی 4 فنجان ازش اسپرسو میگیرم. عملکرد مطلوبی داره با توجه به قیمت خوبش.,No,Yes,Yes,No,No
"واقعا خوب بود، در دراز مدت هم ان شاالله که خوب باشه. روش کار باهاشم تو نت سرچ کنید تو اپارات ویدیو ۶ دقیقه ای هست .",Yes,No,Yes,No,Yes
واسه من پلمپ لیبل جعبه باز بود انگار یکی دیگه تست گرفته و بعد مرجوع کرده بود زیر توری شاور دستگاه لکه های خشک شده آب بجا مونده بود ناچار شدم مرجوع کنم,Yes,No,No,No,No
لطفا رسیدگی کنید مرجوعی زدم دستگاه ایراد داشت دو هفته اس که هی امروز و فردا میکنن برای بردنش واقعا وقت و هزینه که ما میکنیم برامون باارزشه الان دو هفته اس دستگاه خراب تو خونمه نمیان ببرن دفتر دیجی کالا بابل بسیار بی مسئولیت و ضعیف عمل میکنه لطفا اگر نمیتونن به مسئولیتهاشون عمل کنن یه فکری به حالشون بکنید چون الان چند سری هست که بد قولی میکنن,Yes,No,Yes,No,No
بار اول که سفارش دادم فروشنده دیجی کالا بود و برام جنس مرجوعی ارسال کردن و حتی داخل مخزن آبش خیس بود و من مرجوع کردم و بار دوم از یک فروشنده دیگه خریدم که محصول کاملا اوکی بود. نسبت به قیمتش واقعا خوبه باید قبل از هر بار استفاده دستگاه رو روشن کنید و بزارید حداقل ۵ تا ۱۰ دقیق روشن باشه تا مخزنش کاملا داغ بشه و مثل مارک های خوب مثل دلونگی سریع گرم نمی شه اگه قبل از قهوه گیری هم یک بار بخارش رو روشن کنید و استفاده کنید مخزن سریع تر گرم می شه‌. کیفیت قهوه ای که بهتون می ده مت ...,Yes,Yes,Yes,No,Yes
"نسبت به قیمت واقعا عالیه،بسته بندی آک و سالم بود،اول تو ذوقم خورد و خواستم مرجوع کنم چون از زیر مخزن آب میرفت وقتی بازش کردم متوجه شدم واشرش مشکل داره که با نوار تفلون آببندیش کردم و خداروشکر فعلا که خوب شد،از نظر اسپرسوسازش که واقعا عالیه ولی فوم ساز شیر زیاد جالب نیست یعنی من که نتونستم فوم درست کنم فقط جوش میاره شیر رو،در ضمن دفترچه راهنماش به ظاهر زبان فارسی داره ولی ظاهرا یه بچه از تو گوگل ترجمه کرده،من که به شخصه چیزی سر در نیاوردم و راحت بایه سرچ تو گوگل فیلم آموزشیش پیدا کردم.",Yes,Yes,Yes,No,Yes
تا الان که ۷ماهه دارمش و روزی ۲بار یا بیشتر باهاش قهوه میزارم چیزی از کیفیتش کم نشده پر قدرت نازل بخار قوی قهوه ای که میده داغه و مثل بعضی دستگاها که آبو خوب جوش نمیارن نیست در کل راضیم فقط کاش یه بسکت تک شات هم داشت,Yes,No,Yes,No,No
بار اول مشکل فنی داشت و خط و خش که مرجوعش کردم...بار دوم هم خط و خش داشت ولی باهاش کنار اومدم کاپ تکنفرش هم نبود...اگه جلوی این بی نظمی و یرخی کارکردن گرفته نشه سطح و اعتبار برنامه دیجیکالا پایین میاد,Yes,No,Yes,No,No
کلید اول بزنید سبز بشه چراغ کلید دوم عصاره گیری میکنه کلید سوم کف شیر ساز چند بار آب خالی بگیرید قبل استفاده تاثیر روی طعم داره راضی ام,No,No,Yes,No,No
"با دستگاه های 6 الی 7 تومنی برابری میکنه، عصاره خوبی میده، هم کف روش خیلی خوبه هم فومی که با شیر درست میکنه هم دمای خوبی داره هم مقدارش قابل قبوله. در هر حال از خریدش پشیمون نمیشین",Yes,Yes,Yes,No,No
حرف نداره خیلی کم صدا بدون لرزش اسپرسو عالی میده توقع نداشتم انقد خوب باشه من قبل این نوا داشتم خیلی بهتره نواس,Yes,No,Yes,No,No
"نسبت به قیمت عالی هست،بنده قدیم مدل گستروبک را خریداری کردم که قیمت آن حدود ۲۵ میلیون شده و برای یکی از دوستان این محصول را خریدم و در مقام مقایسه هیچ کمی و کاستی ندیدم به جز ظاهر که ظاهرش هم عالی است ممنون از دیجی کالا",Yes,Yes,No,Yes,No
من هنوز نتونستم قهوه خوبی بااین دستگاه درست کنم من از نظرات مثبت بقیه خریداری کردم,No,No,Yes,No,No
"انگار همه این دستگاه ها رو یک جا تولید میکنه و فقط با برندهای مختلف فروخته میشه. این دستگاه، اسپرسوساز خوبیه و فقط کار کردن باهاش قلق داره.",No,No,Yes,Yes,Yes
الان دستگاه و تحویل گرفتم. همه چیز عالی بود از بسته بندی گرفته تا کیفیت محصول,Yes,No,No,No,No
"دستگاه خوبیه من Yesساله استفاده میکنم و مشکلی نداشته،خامه خوبیم میده برا استفاده خونگی با این قیمت عالی. شک نکن",Yes,Yes,Yes,No,No
"دستگاه خوبیه من Yesساله دارم و خامه خوبی میده،چنبار که قهوه بگیربن تو دستتون میاد که چطور میشه خامه خوب گرفت.برا استفاده خانگی شک نکنین با من",Yes,No,Yes,No,Yes
برای من تازه امروز اومده دم در خونه و بلافاصله بعد از شستن استفادش کردم.انتظارم یه گزینه ضعیف تر بود اما خدایی وقتی استفاده کردم حال کردم.,Yes,No,Yes,No,No
یک دستگاه عالی باقیمت بسیار مناسب. همین دستگاه را بابرندهای مختلف وبا قیمت بالاتر میفروشن. همه دستگاههای اسپرسو چه قیمت بالا وچه قیمت پایین محصول نهایشون یک اسپرسو میباشد که این دستگاه بااین قیمت بسیار عالی میباشد.,Yes,Yes,Yes,No,No
همچیزش خوبه ولی یک مشکل کوچک داره داخل کاپ بعداز اینکه قهوه روگرفی کمی اب داره نمی‌دونم چرا اینجوریه,Yes,No,Yes,No,No
من تازه چند روزه خریدم واقعا قهوه خوب با خامه مناسب و سرعت تهیه قهوه عالی و برای تهیه کاپوچینو هم بخار خیلی خوبی داره و کف خیلی خوبی درست میکنه و توصیه میکنم هر کس که روزانه قهوه میخوره حتما یکی از این دستگاهها برا خونش تهیه کنه و از شر موکوپات هم خلاص بشه,No,No,Yes,No,No
اول که فرستادن کارتن خیس خیس بود و کلی آب داخل مخزن بود!!! کلی رسوب هم داخل دستگاه بود و آب گچی پس میداد!!!,Yes,No,Yes,No,No
من یه ماهه دارم استفاده میکنم یه بار خوب کار میکنه یه بار اصلا کار نمیکنه متاسفانه گارانتی هم نداره از فرصت مرجوعی هم گذشته بود نتونستم مرجوع کنم حتما تحویل گرفتید چندین بار تستش کنید,Yes,No,Yes,No,No
"خیلی خوب خامه میده ، فیلمشم گذاشتم ، با دستگاه های نوآ زیاد تفاوتی نداره ، امیدوارم همیشه خوب بمونه ، تنها بدیش اینه توری یک کاپ نداره و باید جداگونه تهیه کنید",Yes,No,Yes,No,No
نظرها بیشتر مثبت بود اما شانس من کالا ایراد داشت و آب رو داغ نمی‌کرد چراغ قرمز و سبز همزمان روشن میشد که من مرجوع کردم,Yes,No,Yes,No,No
من یبار از یک فروشنده دیگه خرید کردم متاسفانه بد بود دوباره از یک فروشنده دیگه خرید کردم که واقعا کیفیت خوبی داشت و قهوه و فوم خوبی داد,Yes,No,Yes,No,No
فعلا که عالی بوده . فوم خیلییییی خوبی داد اسپرسو هم حرف نداشت کار کردن باهاش خیلی راحته. به نظرم قهوه ای در حد کافی شاپ ها میده. من راضی هستم,Yes,No,Yes,No,Yes
من از جایی که میخواستم قهوه تهیه کنم نحوه کارش و پرسیدم و واقعا با چند بار امتحان میتونید اسپرسوهای باکیفیتی ازش تهیه کنید و گرفتن فوم شیر هم قلق داره که با این دستگاه به راحتی میتونید اونو تهیه کنید,No,No,Yes,No,Yes
در مقابل قیمتش نظرات خوبی داشت و واقعا کار راه بندازه البته که من فعلا چندبار کار کردم باهاش حتمأ وقت بزارم میشه باهاش خواسته هام براورده بشه در کل بنظرم برای مصرف خونگی خوبه البته دوستان گفتند که تو کافی شاپ و اینا هم کلی کار راه انداخته در نهایت فقط دستگاه استفاده شده بود خیلی حس بدی بود تا الان تصمیم به مرجوع کردن داشتم که خیلی سخت بود برام و بیخیال شدم انشالله که کار دستگاه این موضوع رو جبران کنه,Yes,Yes,Yes,No,Yes
"دوستان دیگه ای که نظر گذاشتن تقریبا همه چیزو گفتن و چیزی از قلم نیافتاده منم بیشتر از این نمیگم، فقط چندتا عکس میزارم از داخل محصول ببینید قطعاتش چیه. اون قرمزه پمپه.",No,No,No,No,No
نسبت به قیمت عالی و با فشار بسیار خوب. حتی در حد نیمه صنعتی میشه استفاده کرد .,Yes,Yes,Yes,No,No
به نظرم دستگاهی خانگی و مناسب برای رفع نیاز های عادی روزانه خانواده با قیمتی بسیار عالی,Yes,Yes,Yes,No,No
به نسبت قیمتش برای خونگی خوبه .عصاره خیلی خوبی میگیره از قهوه با کف بالا و ماندگار.من با گارانتی گرفتم ولی فعلا که خداروشکر مشکلی نداشته.,Yes,Yes,Yes,No,No
"ببینید دوستان من چندتا از دستگاه ها و استفاده کردم تو کافه خودم,این برند خیلی کاراتر از دستگاه های پنج میلیونی هست",No,Yes,Yes,No,No
آقا سه روزه دستگاه به دستم رسیده چنتا ایراد خوشگل داره حیفم اومد نگم پایینش یه سوراخ داره که آب ازش میاد قشنگ همه کمد رو تا صب آب برداشت و رویه کمدمون خراب شد بعد که دیدم انگار جای یه پیچ کلا حفرس که مجبور شدم نایلون بذارم جاش قهوه تازه خیلی با کیفیت گرفتم ولی کرمای خوبی میده تقریبا و از دومین اسپرسویی که بزنید طعم سوختگی میده ینی اصلا راضی نیستم و موکاپات خیلی خیلی خوشمزه تر درست میکنه,Yes,No,Yes,Yes,No
نشتی آب داشت من فکر میکردم از مخزن آبه ولی نبود و داخل دستگاه ایراد داشت,Yes,No,Yes,No,No
برای من داخلش صدا میداد انگار یچیزی شکسته داخلش مرجوع کردم جنس بدنه هم بسیار ضعیفه در ضمن ظرفیت پایینی هم داره فوقش ۲کاپ نصفه بده همینقدر بذارید روش یکی بهترشو بخرید,Yes,No,Yes,Yes,No
نظرات دیگران رو خوندم و دیدم با یک قیمت مناسب بهترین دستگاه موجود همینه اولین اسپرسو هم زدم و هم شیر گرم کردم هم فوم شیر گرفتم خیلی خوب بود فقط در دفعه اول که استفاده کردم صدا زیادی میداد.,Yes,Yes,Yes,No,No
در حد خود دستگاه خوبی است واحتمالا جای گرمکن لیوان در روی صفحه استیل دستگاه که گرم میشود می باشد با تشکر او زحمتکشان دیجی کالا,Yes,No,No,No,No
من هفته گذشته خریداری کردم چند باری ازش قهوه گرفتم از نازل بخارش هم واسه کف شیر استفاده کردم در کل راضی کننده بود...این رو بگم که به جز یکی دو برند معروف بقیه دستگاه ها در چین و با کیفیت مشابه زده میشه پس در انتخاب دقت کنید حتما... یه گله هم دارم وقتی برای فروشنده قیمت پایینتر صرف میکنه پس از اول یه قیمت منطقی بگه نه این که ظرف مدت سه روز یهو 2YesYes هزارتومن افت قیمت بده که ادم حسش نسبت به خریدش بد بشه امیدوارم در درازمدت کیفیت خودش رو نشون بده,Yes,Yes,Yes,No,No
سلام محصول خیلی زود و صد البته صحیح و سالم به دستم رسید با تشکر از فروشنده محترم .برای مصرف خونگی عالیههههه.....برای فوم گیری حتما از پیچر استفاده کنید تا فوم مخملی عالی تحویل بگیرید و کیفیت اسپرسو هم عالیه,Yes,No,Yes,No,No
طراحی زیبایی داره قهوه با کیفیتی درست میکنه گرمکن لیوان داره مناسب ترین اسپرسو ساز خانگی و ۴ مدل قهوه برات درست میکنه من واقعا راضی بودم,Yes,No,Yes,Yes,No
دستگاهو که از بسته بندی باز کردم دیدم پر از لکه قهوه هستش و دستمال کشی شده روش.درضمن قسمت بالایی دستگاه و درب ظرف اب پر از خط و خشه. متاسفم که نظارت روی کالای ارسالی نیست.,Yes,No,No,No,No
"اسپرسو ساز رو از وقتی سفارش دادم تا وقتی ک رسید یک ماه طول کشید!!! وقتی بازش کردم قسمت مخزنش خیس بود ولی قسمت اسپرسو سازش بوی قهوه نمیداد، من بنا رو میزارم بر اینکه خواستن تستش کنن! بعد از ۲ هفته الان ک روشنش میکنم و چراغ سبز که نشانگر جوش آمدن آب هست، روشن میشه، از قسمت اسپرسو سازیش شروع میکنه به چکه کردن زیاد، مثلا من میخوام کاپوچینو درست کنم، دارم با اهرم بخار کار میکنم ولی از قسممت اسپرسو سازش داره آب با سرعت چکه میکنه! که بعد از حدود ۱۰_۲۰ ثانیه خوب میشه! ",Yes,No,Yes,No,Yes
با سلام خدمت دوستان عزیز دستگاه های زیگما واقعا عالی هستن ولی بنظر بنده مدل 333 بگیرید که هم قویتره و هم 2Yes باره وتفاوت قیمتیش هم حدود 5Yes هزار تومان گرونتره که واقعا عالیه,Yes,Yes,Yes,No,No
"هیچی ایرادی نمیتونم روش بزارم، باهاش اسپرسو، لاته، کاپوچینو درست کردم و واقعا بی نظیره. اما حتما دفترچه انگلیسی شو بخونيد نه فارسی چون خیلی فرق دارند.",Yes,No,Yes,No,No
یکم تجربه میخواد برای بهترین استفاده رو ازش کنید.تو آپارت هست فیلمش.برای من راضی کننده بود واقعا.بسته بندی عالی پلمپ شده.خامه عالی میده.قهوه خوب میده,Yes,No,Yes,No,Yes
با سلام عرض ادب خدمت عوامل محترم دیجی کالا دستگاه به موقع به دستم رسید و از فروشنده که وقت گذاشتن وفیلم ارسال کردن جهت کار با دستگاه قهوه ساز زیگما کمال تشکر و قدردانی را دارم واقعا نسبت به قیمتش فوق‌العاده است به دیگران هم توصیه میکنم عالیه,Yes,Yes,No,No,No
من خیلی تحقیق کردم و در نهایت این و محصول و خریدم تمام اسپرسوساز ها تا پنج تومن یه کارایی دارند اگه دنبال چیتان پیتان نیستید همین و بگیرید قیمتش عالیه و همون کار مباشی و نوا و بقیه رو میکنه فقط دقت کنید توی آسیاب کردن قهوه چون اگه آسیابتون خوب نباشه توی فیلتر قهوه آب جمع میشه و دستگاه به مرور از کیفیتش کم میشه آسیاب قهوه و تمپیر خیلی مهمه درضمن اونایی که میگن آب میچکه تا چند قطره واقعا طبیعیه پس اینو ملاک نکنید,No,Yes,No,No,Yes
تو خریدش شک داشتم ولی کیفیت قهوه ای که داد فرقی با قهوه ساز ۵ تومنی که تو خونه داشتم نمیکرد حتی بهتر هم بود.کار باهاش خیلی راحته. جا کم میگیره و مخزن اب بزرگی داره.,Yes,Yes,Yes,Yes,Yes
عزیزانم واقعا من خریدارم ابوبکر صدیقی از شهرستان خواف هستم این دستگاه و خریدم واقعا عالیه خداییش شک نکنید یک ساله دارم اسپرسو عالی فقط میگن اب جوشیده یا تصفیه بریز که تا الان ریختم,Yes,No,Yes,No,Yes
من بار اول که خرید کردم کالای ارسالی از چند جا شکسته بود که مرجوع کردم و مجدد سفارش دادم که خوشبختانه سالم بود . این اسپرسوساز قیمت خوبی داره و برای استفاده روزانه در خانه و‌محل کار مناسبه برای راه اندازیش سریع رفتم توی آپارات و بصورت تصویری یاد گرفتم برای ساخت اسپرسو و سایر نوشیدنیهایی که این دستگاه میسازه توی اینترنت سرچ کنید و تصویری راحت ببینید کاری که من کردم.,Yes,Yes,Yes,No,Yes
برای دیجی کالا خیلی متاسفم قبل از راه انداری دستگاه متوجه شوره نازل شدم که نشان میداد که قبلا دستگاه استفاده شده ولی اعتنایی نکردم و دستگاه راه انداری کردم و متوجه شدم که کلید قهوه گیری خراب بوده و آب دستگاه گرم نمی شود و من بدلیل عدم فرصت کافی دستگاه مرجوع نکردم و در حال حاضر با کلید بخار قهوه می گیرم که فشار مضاعف به دستگاه و عدم کیفیت کافی را دارد.و کلا من و همکاران اینجانب هیچ گونه اطمینانی نسبت به سفارش کالا از دیجی کالا نداریم و به کسی هم توصیه نمیکنیم. واقعا برایتان مت ...,Yes,No,Yes,No,No
برای محل کارم خریدم . در مقابل Nova که توی خونه دارم حرفی برای گفتن نداره اما با توجه به قیمتش بد نیست .,Yes,Yes,Yes,No,No
"خوب هست و به نظرم تا قیمت پنج میلیون تومان همه‌ی اسپرسوساز‌ها در یه حد از کیفیت هستند، فقط دقت کنید مدل ۲۲۲ زیگما ۱۵ بار هست و مدل ۳۳۳ زیگما ۲۰ بار مساله بعد هم اینه که همین مدل رو توی بازار با قیمت حدود چهارصد هزار تومان ارزونتر هم میتونید بخرید، من خودم بعد از خرید متوجه شدم",Yes,Yes,Yes,No,No
این دستگاه همونی بود که من تو تصویر دیدم کاریی عالی میزان فشار درست قهوه که دریافت کردم عالی ارسال دستگاه توسط دیجی کالا به موقع,Yes,No,Yes,No,No
سلام دستگاه خیلی خوبیه هم اسپرسوی خوب و خوش طعمی میده نصبت به اسپرسو ساز های موکاپات هم خامه خوبی میده هم فوم شیر خوبی میده عین خامه خیلی دستگاه خوبیه برای استفاده خانگی من کنار سبد قهوه خود دستگاه که همراه خود دستگاه هست یه سبد قهوه تک شات هم گرفتم که برای استفاده خودم به اندازه یک شات قهوه درست کنم که قهوه زیادی حیف نشه اصراف نشه حتما تهیه کنین و لذتشو ببرین دستگاهیه که ناراضی تون نمیکنه خیلی خوبه,Yes,No,Yes,No,No
من این دستگاه رو برگردوندم برای اینکه با قهوه ساز دلونگی قدیمی‌ام هیچ تفاوتی نداشت وگرنه به نظرم نسبت به قیمت کاربردی میاد.,No,Yes,Yes,No,No
این دستگاه برای مصارف خانگی بسیار خوب است کیفیت اسپرسو مناسب و همچنین ظاهر کناسبی دارد با توجه به قیمت دستگاه های مشابه مناسب است,Yes,Yes,Yes,Yes,No
وقتی خریدید حتما چک کنیدنو باشه .جنس اصلی نیست.موقعی که خریدم خیلی از زیرش اب می داد,Yes,No,Yes,No,No
من حدود ۱۰ روزه خریدم و فعلا که خوبه من با توجه به نظرات خریداران این دستگاه را خریدم که حدود ۹۰ درصد درست بود کار با دستگاه نیاز به تجربه داره که پس از چند روز قلقش دستتون میاد و اسپرسو و فوم شیر عالی میده البته اولش بلد نبودم ولی بعدش متوجه شدم در ضمن اگر خریدید به دفترچه راهنماش توجهی نکنید د تو گوگل نحوه کار با این دستگاه را سرچ کنید کلیپ اموزشی خوبی هست حدود ۶ دقیقه دوستان عزیز مجددا تاکید میکنم من حدود ۱۰ روزه خریدم و در بلند مدت نمی دونم کیفیتش چگونه هست,Yes,No,Yes,No,Yes
من از فروشنده آریان پارسارگاد لیان خریدم خیلی بی انصافن چون کالای مرجوعی رو برای من فرستادن و بسته بندیش باز شده بود و من دیدم کلا کار هم نمیکنه و باید مرجوع کنم واقعا که خیلی خورد تو ذوقم,Yes,No,No,No,No
برای مصرف خانگی عالیه عالیه ما تقریبا ازش روزی ده شات یا بیشتر میگیریم عالیه فقط برای کسایی که تا بحال نداشتن حتما باید نظافتشو و ابی که میریزید داخلشو رعایت کنید که سال ها داشته باشیدش,Yes,No,Yes,No,Yes
