1,Quality,Design,Performance,Camera,Price
گوشی من رسید. ممنون از دیجی کالا واسه سرعت عمل عالی و قیمت مناسب.,No,No,No,No,Yes
"به جای موبایل، گیرنده بلوتوث تی‌پی‌لینک فرستادن! تفاوت جنس و قیمت این دوتا محصول از زمین تا آسمونه. این حد از اشتباه نوبره دیگه. مرجوع کردم ولی هنوز پول رو برنگردوندن. با این تجربیات دیگه چطور میشه به دیجی کالا اطمینان داشت!",Yes,No,No,No,Yes
من خودم s23 ultra دارم و خب اومدم ببینم چه تفاوت هایی داره گوشیم با s24 ultra یه سری قابلیت های هوش مصنوعی جدید اضافه شده که به نوبه خودش گوشی رو جذاب تر و کاربردی تر کرده ولی آنچنان تفاوتی نکرده واقعا در مورد تخت بودن گوشی هم یه جورایی میتونم بگم سلیقه ایه من گوشی خودم که یه منحنی داره رو بیشتر دوست دارم چون حس گرفتنش توی دست بهتره ولی اینو واقعا میتونم به جرئت بگم که s23 ultra و s24 ultra واقعاااا سر تر از آیفون هستن و اینو فقط من نمیگم,No,Yes,Yes,No,No
به نظرم باید واقع بین بود و تو شرایط یکسان در مورد یه محصول بررسی رو ادامه داد. من به خرید آیفون هم فکر کردم. بله از نظر کیفیت و کارایی بالاتره به نظرم ولی نه تو ایران. من از هزینه ای که کردم برای سامسونگ بیشتر بهره میبرم تا خرید یه گوشی آیفون. بعد رو نمیدونم ولی تو شرایط امروز سامسونگ بهتره.,Yes,No,Yes,No,Yes
دو روز پیش به همراه هدیه ایر بادز پرو ۲ خریدم و حس فوق العاده ای داره. اگر با قیمتش مشکلی ندارید به نظر من از آیفون ۱۵ پرومکس خریدش مناسبتره,Yes,No,No,No,Yes
درود گوشی خیلی عالی بود خوش ساخت و دوربین عالی هرچی ازدوربین بگم کم گفتم من صفحه نمایش اس۲۳الترا رو ترجیح میدم خیلی بهتر بود تو کیفیت و عمق رنگ سامسونگ میگه باآپدیت مشکل غلظت رنگ اس۲۴الترا حل میشه عکسها مقایسه سه پرچمدار اخیر سامسونگ هست اس۲۲ و اس۲۳ و اس۲۴,Yes,No,Yes,Yes,No
من امروز خریدمش فوق العاده اس تماما با هوش مصنوعی مدیریت میشه یه رابط کاربری فوق العاده هزار سال سراغ آیفون نمیرم,Yes,No,Yes,No,No
به عنوان کسی که از s21 ultra استفاده می‌کنه باید بگم صفحه ادج خیلی آزاد دهنده است شاید اولش جذاب باشه ولی بعد از یک مدت مشکل هاست که رو میشه و این خیلی خوبه که انحنا صفحه برداشته شده,No,Yes,No,No,No
"اگه به دنبال زیبایی و فول امکانات هستین S24ultra بخرید،ولی اگه به دنبال کلاس گذاشتن و بدون کارایی در ایران آیفون بخرید. یا حق",No,Yes,Yes,No,No
"بعد از مدتها اصرار سامسونگ برای صفحه نمایش خمیده ,این گوشی میتونه جانشین نوت ۵ اسطوره باشه",No,Yes,No,No,No
روز اول که خریدم صفحه نمایش کم رنگش ناراحتم کرد ولی توی تنظیمات که برین میتونیین طوری پررنگ وتنظیمش کنید که هیچ صفحه نمایشی به پای s24ultra نرسه,No,No,Yes,No,No
من بعد از سالها از آیفون امدم روی سامسونگ و الان واقعا پشیمون نیستم. سرعت گوشی عالی دوربینش فوق العاده رنگ بسیار جذاب و شیک از انتخابش پشیمون نمیشید دوستان,Yes,Yes,Yes,Yes,No
"بنظر من s24 یه سرو گردن از آیفون ۱۵ سرتره واینکه آیفون دیگه توی کشور ما رجیستر نمی شه بزرگترین مشکلش هست ، موبایل باید کار راه انداز و قابل اعتماد باشه و نه فقط برای بازی و ....",Yes,No,Yes,No,No
"گوشی خوش دست، کیفیت دوربین عالی، صفحه نمایش عالی، به نظرم بهترین گوشی بازار محسوب میشه تو خریدش شک نکنید",Yes,Yes,No,Yes,No
سامسونگ. و هوش مصنوعی بهترین ترکیب از تکنولوژی رنگ مشکی. موجود کنید,No,No,No,No,No
چندساله سری اس آخرین مدل استفاده میکنم انقدر خوبن که نمیتونم چیزی دیگه دستم بگیرم به عنوان کسی که سالها عکاس و فیلمبردار بودم این گوشی بینظیره واسه عکاسی و هنگ اصلا واسش معنی نداره با خرید آیفون پولتونو خراب نکنید🤟🏼,Yes,Yes,Yes,Yes,Yes
گوشی بسیار خوب با قیمت بسیار نامناسب,Yes,Yes,Yes,No,Yes
"گوشی عالی، و اینکه مانیتور تخت شده تغییر خوبیه که بهتون حس متمایز بده نسبت به قبل",Yes,Yes,Yes,No,No
"من از بیرون تهیه کردم به دلایلی، تجربه استفاده ۱۰ روزم اینه که این گوشی فوق العادس، دوربینای واقعا با کیفیت و قدرتمند، پردازنده و گرافیک عالی، گوشی اصلا داغ نمیکنه، موقع شارژ یه گرمای خیلی کمی داره، خوب شارژ نگه میداره، ۱ روز کامل، قلمش جالبه و اگر یادبگیرید باهاش کار کنید لذت بخشه، خلاصه همه چی تمومه",Yes,No,Yes,Yes,No
با تشکر از دیجیکالا گوشی یک روزه بدستم رسید پلمپ بود و براحتی رجیستر شد,No,No,No,No,No
خیلی ممنون بابت ارسال سریع و بسته بندی خوب گوشی کاملا پلمپ بود خیلی خوش دسته کیفیت ساخت فوق‌العادس امیدوارم همه بتونن این گوشی رو بخرن,Yes,Yes,No,No,No
کیفیت ساخت عالی دوربین فوق‌العاده پخش موسیقی دالبی صدا فوق‌العاده صفحه نمایش اون قدراهم که میگن ضد خش نیست ولی کیفیت تصویر فوق‌العاده زیبا و واقعی هست هنوز زیاد باهاش کار نکردم یکم که کارکردم تجربو کامل میکنم,Yes,No,No,Yes,No
"گوشی خوبیه، سخت افزار قدرتمند و نرم افزار عالی بخصوص هوش مصنوعی اون، ولی خیلی گرونه.",Yes,No,Yes,No,Yes
سلام وقت همگی بخیر بنده ۱۳ مکس فروختم و اینو گرفتم فکر کنم لازم نباشه درمورد گوشی صحبت کنم اما ی سری بحث ها در مورد آداپتور هست که برخی میگن ۴۵ یا ۲۵ دوستان داخل سایت سامسونگ خودشون اعلام کردن ۲۵ وات ینی گفتن کابلی که براتون تو پک کارتن گذاشتیم مناسب ۲۵ وات هست اگر لازم بود ۴۵ وات که تفاوت شارژی نداره من خودم از ۲۵ وات استفاده میکنم و مشکلی هم نداره ی مقدار از ۴۵ وات داغ تر میشه فقط,No,No,Yes,No,No
خوبه فقط احساس میکنم s23 ultra یکم کیفیت صفحه نمایشش از ۲۴ بهتره,Yes,No,No,No,No
قبل از این a53 داشتم سرعت پردازش خوبه عالی نیست دوربینش واقعا اینکه فکر کنید زوم کنید و ماه رو ببینید نیست نسبت به گوشی های دیگه یکم بهتره وزنش زیاده اصلا قلم برای چی گذاشتن واقعا نیاز نمیشه اصلا صفحه خیلی کوچیکه که بخوای یادداشت کنی هوش مصنوعیش هم تازه اول راهه. این مورد که تو گوگل سرچ میکنه بدک نیست هوش مصنوعیش فارسی بلد نیست,No,Yes,Yes,Yes,No
خیلی حال کردم با خریدش عالیه صفحه نمایش با کیفیتی داره,Yes,No,No,No,No
من رنگ نچرالش رو خریدم واقعا زیباست به نظرم یکی از بهترین پرچم دارهای حال حاضر بازار,Yes,Yes,No,No,No
"فوق العادست،زیبا،کیفیت دوربین عالی،سرعت،باطری عالیه عالی تو یه هفته دو تا خریدم...",Yes,Yes,Yes,Yes,No
واقعاً عملکرد بسیار عالی ,No,No,Yes,No,No
میتونم بگم هیچ نکته منفی برای این گوشی وجود نداره و فوق العاده ارزش خرید بالا تری به نسبت رقبا داره,Yes,No,No,No,Yes
ضعف باتری تمام نقاط خوبشه پوشونده تو استفاده نیمه سنگین تو 8 ساعت از 100 به 20 میرسه واقعا فاجعه اس همچین شارژدهی من اگه میخواستم یه پرچمدار داشته باشم و روزی دوبار گوشیمه شارژ کنم خب میرفتم پیکسل 8 پرو میگرفتم فقط رابط کاربری و قلم فوق العادش فعلا نگهم داشته که نفروشمش تا آپدیت بعدی منتظر میمونم اگه باتری درست نشد علی رغم میل باطنی ردش میکنم و مجیک6 پرو میگیرم,Yes,No,Yes,No,No
حرفی نیست معرکه است البته بجای خاکستری دیجی کالا برای من رنگ بلک رو فرستاد و من دیگه مرجوع نکردم چون نیاز داشتم بهش اون تایم ولی مرسی عالیه این گوشی,Yes,No,No,No,No
زود شارژ خالی میکنه,No,No,Yes,No,No
یه گوشی همه چی تموم و خیلی قویه که دیجی کالا تو کمتر از ۲۴ ساعت به دستم رسوند,Yes,No,No,No,No
"پرچمدار سامسونگ. قیمت دی جی کالا پایین‌تر از بازار بود گارانتی ۷ روز تعویض بی قید و شرط، من از فروشگاه حضوری دی جی کالا توی مجتمع رویال خریدم",Yes,No,No,No,Yes
قطعا یک انتخاب خوب ارجحیت اصلی نسبت به اس۲۴ اولترا تخت بودن کامل و لبه نداشتن ال سی دی,Yes,Yes,No,No,No
در کل بهترین گوشی که تو ایران بشه خرید,Yes,No,No,No,No
گوشی خیلی خوبیه فقط ی مشکل داره اونم مصرف بالا باطری هست به شدت بالاست اگه کسی نکته ای داره تو قسمت نظرات ی نظر بزاره میخونم و راه های زیادی از جمله پایین اوردن کیفیت صفحه نمایش و تم تیره و... کردم جواب نداده در حدی که تو وبگردی تا ۷ یا نهایت ۸ ساعت از ۱۰۰ به بیست میرسه,No,No,Yes,No,No
