Yes,Quality,Size,Price,Comfort,Material
ازهرنظر نسبت به قیمت خوب بود من راضی بودم,Yes,No,Yes,No,No
۱ سایز کوچیکتر یا ۲ سایز کوچیکتر از سایز پاتون بگیرید چون قالبش بزرگه,No,Yes,No,No,No
علی رغم کیفیت مناسب متاسفانه طراحی کفش به گونه ای هست که پاشنه ی پا رو نمیگیره و کفش هنگام حرکت لق میزنه.به نظرم حیفه شرکتی که داره خوب کار میکنه این کفشها جمع نکنه و بدنام بشه!,Yes,No,No,Yes,No
درکل خوب بود سبک و راحته عالیه,Yes,No,No,Yes,No
"از نظر سایز کفش خوش پا و راحتی هستش ، توی کوه استفاده کردم محکم و عالی بود ، ولی در برابر آب هیچ مقاومتی ندارد و به آن نفوذ میکند که البته طبیعی هستش روی کفش پارچه هستش ولی ایراد محسوب نمیشود .",Yes,Yes,No,Yes,Yes
خوب بود ولی بعد سفارش دیدم مردانه نوشته شده,Yes,No,No,No,No
"با سلام کفشش خیلی نرم و با حاله فقط یکمی بزرگ بود برای من...حالا کیفیت جنسش دیگه الله و اعلم
",Yes,Yes,No,Yes,Yes
"برای کوهپیمایی کفش خوبیه فقط موقع شستشو کفش جا بندی هاش زنگ میزنه و حتما باید قبل شستشو آن قسمت فلزی (حلقه فلزی) را باید با وازلین چرب کنید که دچار زنگ زدگی نشه ، این دومین باری هست که این کفش را سفارش میدم",Yes,No,No,No,Yes
کفش عجیبیه. دو جفت بخری یه شماره. اندازه هم نیستن. من دو بار خریدم شماره چهل. یکی اندازه دقیق. یکیش کمی تنگه!!. یکیش دوخت تر تمیز. یکیش پر از زدگی و نخ بیرون زدگی. کلا انگار شانسیه یه بار خوب میشه یه بار مطابق میل نیست. کیفیت هم معمولی به پایین هستش. همین چهارصد تومن بیشتر ارزش نداره.,Yes,Yes,Yes,No,No
"این کفش داخل دیجی کالا سه مدل براش تعریف شده که فقط رنگشون فرق داره.هر سه یکی هستن. مشکی، خاکی، سرمه ای طوسی مانند. داخل خود سایت شیما مدلش نیم بوت مردانه دماوند هستش. اینو گفتم برا خرید بدونید سه مدل یکسان و یک جنس هستن سردرگم نشید. سایزش برا من اوکی بود اندازه س. جنس و کارکردش هم باید طولانی مدت جواب بده تستش کنی. ولی برا کوهنوردی تفریحی سبک و هفته یک بار احتمالا جواب بده ظاهرا خوب بنظر میاد . عکس مشکی و خاکی رو براتون قرار میدم ببینید کنار هم. برای کوه خاکی خوبه چرک گیره. یه زیبایی خاصی هم داره میشه برای داخل شهر هم استفاده ش کرد زمستان.طوری نیست مختص کوهنوردی باشه.",Yes,Yes,No,No,No
"کفش نسبتا زیبا، با قیمت مناسب

من وقتی پام کردم متوجه شدم هنگام قدم برداشتن کفش کمی از پام در میاد و به نظرم به خاطر نوع طراحی پشت پاشنه بود که برای من مناسب نبود

قیمت مناسب

کیفیت خوب

نسبتا زیبا

خوب فیت پا نمیشه",Yes,No,Yes,Yes,No
"دوستان این بوت مردانه است و خانم هایی که می خواهند این بوت خریداری کنند از راهنمای اندازه، باید اندازه را مناسب خودشان انتخاب کنن! من با استفاده از فیلتر دیجی کالا به عنوان بوت زنانه سفارش دادم جنس معمولی دارد و ظاهرش هم مثل عکس هست ولی سایزش بسیار بزرگ هست!خواستم به بقیه دوستان هم پیشنهاد بدهم در صورت تمایل به خرید به سایز دقت کنید. روی خود بسته هم نوشته بوت مردانه!",No,Yes,No,No,Yes
"کفش ایرانی متوسط

نمیدونم واقعا تو کوه دوام بیاره یا نه یا چقدر کثیف بشه ، ولی تصمیم گرفتم نگه ش دارم ، البته دقت کنید قیمت ۴۴۹ تومنه ، الان صندل پلاستیکی ۲۰۰ تومنه . یکی از دوستام مردونه مشکی و طرح ارتشی داشت خیلی خوب براش کار کرد ، امیدوارم اینم خوب در بیاد. عکس گذاشته یه خانمی ، شبیه همونه کفشم ، کنتراست دو نوع پارچه مشخصه و حس میشه.

خوش رنگه

متریال رویه ضعیف",Yes,No,Yes,No,Yes
نسبت به قیمتش خیلی خوبه سبک و راحت و شیکه و دوخت خوبی داره کوه نرفتم باهاش ولی واسع پیاده روی خوبه,No,No,Yes,Yes,No
خوبه ولی یک کفی طبی باید براش بگیری,Yes,No,No,No,No
شیک و باکلاس.بادوام و در کل عالی فقط قالب سایز یک سایز بزرگتر است و کوچکتر سفارش دهید,No,Yes,No,No,No
بی‌کیفیت بود با کمتر از این قیمت هم همین کیفیت میشه پیدا کرد بند و کفش پارگی جزئی داشت دوخت داخلش ایراد داش و کمی هم پارگی احساس می‌کردم چون خرید آنلاینه فروشگاه اهمیت نمی‌داد به کیفیت,Yes,No,Yes,No,No
"جنس خوبی داره کفی مناسب نسبت به این قیمت خیلی خوبه

جنس و دوخت و کفی مناسب",Yes,No,Yes,No,Yes
"این پنجمین باریه که دارم این کفش رو برای خودم سفارش میدم، برای پسرم هم دوبار سفارش دادم یه جفت برا کوه نوردی دارم یه جفت هم برای سر کار شک نکنید جنسش هم واقعا عالیه",Yes,No,No,No,Yes
کیفیت و قیمت مناسب هست,Yes,No,Yes,No,No
بسیار راحت و گرم و با استحکام,Yes,No,No,Yes,No
دور دوز کم داره و باید چند باری کوهنوردی کنم تا نظر بدم,No,No,No,No,No
سبک هست و جا برای تنفس پا داره,No,No,No,Yes,No
برا خانما مناسب نیست ظاهر بزرگی داری,No,Yes,No,No,No
فکر کنم هرکس نوشته خوب بود شانس آورده یا خودش سازنده بوده کفشی که برای من رسید نخکش شده بود نخا بیرون زده بود کفه کفش پره سوراخ بود و اصلا به 2YesYes تومنم نمی ارزید منکه مرجوع کردم,Yes,No,Yes,No,No
"کفی نرم ، خوبه نسبت قیمت",Yes,No,Yes,Yes,Yes
با توجه به قیمت قابل قبوله,Yes,No,Yes,No,No
توی شگفت انگیز با قیمت ۴۰۰ خرید کردم جنسش خوبه دور دوزی نداره راحته,Yes,No,No,Yes,Yes
"برای دخترم سفارش دادم و همون شماره پاش بود که خدا رو شکر اندازه اش بود فقط کمی جنسش خشکه

شیک و زیبا

اندازه دقیق

جنس خشک و شکننده",Yes,Yes,No,No,Yes
"با توجه به راهنمایی های خریداران ، سایز 43 خریداری شد  رنگ خاکی روشن است که باید از نظر تمیز نگه داشتن دقت نمود  کف و بدنه کفش راحتی و نرمی قابل قبول دارد و نمیتوان ایراد گرفت  وزن کفش های سایز فوق به همراه بندها مجموعا 683 گرم بوده که بنظرم بسیار سبک می‌باشد  قالب کفش کمی ظاهر بزرگ دارد که شاید برای پاهای ظریف و ساق باریک ، جذاب نباشد  البته این مورد کاملاً سلیقه ای است و ایراد محسوب نمیشود چون کفش کوهنوردی بوده  جنس کف پلاستیک تزریقی بوده که ضمن نرمی ، کیفیت متوسط دارد و در کوهپیمایی و ضربه به سنگ و خاشاک ، دوام آن نامشخص است  بدنه پارچه ای اما داخل آن فوم یا اسفنج بکار رفته که محافظ پا می‌باشد  اندازه به سانتیمتر در سایت نوشته نشده ، به همین دلیل شاید انتخاب بر اساس شماره کمی مشکل باشد چون تجربه نشان داده که همیشه قالبها با شماره همخوانی ندارد  جهت آگاهی ، اندازه کف کفش از بیرون طول 3Yes و عرض در قسمت جلو YesYes سانتیمتر و از داخل طول کفش 27 سانتیمتر می‌باشد.  میتوانید از کفشهای داخل خانه و کف پای خود جهت اندازه‌گیری استفاده کنید  در مجموع در تخفیفات ارزش خرید دارد ... قیمت خریداری شده 4Yes9 هزار تومان",Yes,Yes,No,Yes,Yes
سایز 4Yes و44 رو برای خودم و همسرم گرفتم هردو سایز کمی بزرگتر بودن. با دوتا جوراب پوشیدن هم باز کیپ نمیشد. ناچار شدم مرجوع کنم. از لحاظ کیفیت خوب بود هم سبک هم نرم و لطیف,Yes,Yes,No,Yes,No
