1,Physical Properties,Economic and Practical,Performance,Ingredients
"عالیه. همون چیزیه که از فلویید انتظار میره: آبکی و سبک، فوق‌العاده زود جذب، کاملأ مات، بدون چربی، بدون سیلیکون و پارابن، بدون تست حیوانی. من قبلأ اوسرین داشتم ولی اینو بیشتر پسندیدم. فلویید رو قبل از مصرف باید خوب تکون بدین و واسه صورت و گردن سه انگشت کامل بزنین تا محافظت کافی داشته باشه.",Yes,No,Yes,Yes
"پوست من چرب و مستعد جوش هست . واقعا برای من عجیب بود که یه برند ایرانی یه ضد افتاب به این خوبی بزنه ، هرچی از خوبیش بگم کمه.بافت سبک و فلوییدی، روصورت مات میشه ، رد سفیدی نمیذاره .از UVA و UVB هم محافظت میکنه.عکس تستشم روی دست گذاشتم‌.فقط قبل استفاده خیلی خوب تکونش بدین.
مزایا:
از پوست در برابر UVA و UVB محافظت میکنه

Spf 50 داره

بافت سبک و فلوییدی

جوش آور نیست

خیلی سریع مات میشه روی صورت

رد سفیدی نمیذاره
معایب:
بالا بودن قیمت نسبت به حجم (۵۰ میل )",Yes,Yes,Yes,No
ضد آفتاب فلوئیدی و بسیار سبکی هست ولی روی پوست رد سفیدی میندازه و صورت رو براق میکنه. چون خیلی رقیق هست پس برای محافظت کامل دو بند انگشت باید زده بشه.هم روی پوست خشک میشه استفادش کرد هم روی پوست خیس.اس پی اف ۵۰ داره و در برابر اشعه uva و uvb و بلولایت محافظت میکنه پس زمانی که داخل خانه هستیم برای محافظت در برابر اشعه موبایل و تلویزیون و لپتابم میتونیم استفادش کنیم.هیالورونیک اسید داره که آبرسان هست.نیاسینامید داره که برای پوست چرب و منافذ باز مناسبه البته مقدارش خیلی کم هست داخلش .تاریخ انقضاش خوب بود من با تخفیف ۵۶ تومن گرفتمش .تست حیوانی نداره .۲۰ دقیقه قبل از خروج از منزل باید روی پوستتون بزنیدش.من قبلا از لوسیون ضدآفتاب آردن هم استفاده کردم که اونم خیلی سبک بود ولی صورتو برق مینداخت و خیلی عطری بود.از چلنج هم استفاده کردم که کمی عطری بود و خاصیت ضدجوش داشت ولی خیلی کم صورتو سفید میکرد و باید زیاد ماساژ میدادی تا سفیدیش بره ولی خوب بود.از ژوت هم استفاده کردم که چسبناک بود و رد سفیدی و براق مینداخت.بایودرم هم قبلا استفاده میکردم که دیگه پیدا نمیشه .الان ساین اسکین استفاده میکنم که راضی ام چون مای صورتمو یجوری برق مینداخت که همه فکر میکردن صورتمو شستم و خیسه.برای احترام به طبیعت هم داخلش بروشور جدا نذاشتن و داخل جعبه نوشته ها رو چاپ کردن که عالیه.ولی این ضدآفتاب هیچ پلمپی نداشت نمیدونم مدلشه یا نه.در ضمن نان کمدوژنیک هست که باعث ایجاد جوش نمیشه و ضد آب هم هست.پارابن و سیلیکون هم نداره.,Yes,Yes,Yes,Yes
"دوستان در خرید این ضدآفتاب شک نکنید فلویید واقعی هست و بهترین ضدآفتابی که تا به حال استفاده کردم قطعا همینه واقعا راضی هستم فقط اگر حجمش بیشتر بود خوشحالتر میشدم عکساش هم براتون میذارم

بافت سبك و زود جذب

طراحي درب محصول

فاقد پارابن و سيليكون

بدون تست حيواني

رد سفيدي بجا نميذاره

محصول تازه با تاريخ توليد و انقضا

تخفيف خوب

پلمپ و كاملا بهداشتي به دستم رسيد

SPF50 و حاوي هيالورونيك اسيد

عالي براي پوستهاي چرب

واقعا نداره",Yes,Yes,Yes,Yes
"این بسیار ضد افتاب خوبیه ی بافت سبک و ابکی و رقیق داره اصلا چرب نیست و ی چیز سیلیکونی کوچک رو نوکش داره ک باعث میشه موقع استفاده کثیف کاری نشه و این خیلی خوبه واقعا با توجه به کیفیتش قیمت فوق العاده ای داره هاوی هیالورونیک اسید هست بخواطر همین حس مرطوب‌کنندگی و شادابی ب پوست میده اویل فری هیست ینی برای همه پوست ها مناسبه برای انتخاب روزانه و زیر ارایش و قبل از بیرون رفتن عالیه چون اصلا سنگین و چرب نیست من عاشقش شدم و حتما شارژش میکنم، راستی برای محافظت کافی، ضد افتابای رقیق و ابکی مثل همین ضد افتاب سه انگشت و ضد آفتاب های معمولی و کرمی دو انگشت کامل باید ضد افتاب بزنید و اگر توی روتینتون از اکتیو ها مثل ویتامین سی یا لایه بردار های شیمیایی و ضد جوش ها استفاده میکنید حتما باید توی خونه هم ضد افتاب بزنید؛ لطفا اگر مفید بود لایک کنید

محافظت کافی

بافت سبک

عدم احساس چربی

کیفیت عالی

فاقد پارابن",Yes,Yes,No,Yes
من خیلی دوسش داشتم ولی چخبره اینقد گرون شده نه ده تومن نه بیس تومن 90تومن گرونتر شده تو ی هفته؟😐😐مملکت نیس ک دیگه توان خرید ضدآفتابم نداریم با این حجم کمش دو هفته ای تمومه تازه,No,Yes,No,No
ضد آفتاب ضد تعریق میخواستم برای ورزش که این تنها ضد آفتاب موجود بود . گرفتم که امتحان کنم و اصلا از مای توقع نداشتم که همچین محصولی بزنه. قبل مصرف باید تکون بدین و بافت اش فلوئیده که باعث میشه هم خیلی سبک و زود جذب باشه هم اینکه سفید نمیکنه. در برابر تعریف هم مقاومه و لیست مواد تشکیل دهنده اش هم خوبه ماده بدی نداره. نیاسینامید داره که برای کم کردن التهابات و کاهش جوش و چین و چروک و تنظیم چربی پوست خیلی موثره و ازون جایی هم که این ضد افتاب شیمیایی ا خیلی مهمه که چه موادی داره چون جذب پوست میشه و مواد تشکیل دهنده اش واقعا خوبه و هیالارونیک اسید داره که یه ابرسان خیلی قویه و همون موقع که استفاده میشه تاثیرشو میشه دید. فکر کنم تا حالا 4 بار تمدید کردم در کل به نظرم بین ضد افتاب های موجود از لحاظ قیمت و کیفیت این بهترین حساب میشه فقط روی ویتامین cنمیشه زد چون نباسینامید داره همین در کل عالیههههه امیدوارم شرکت سازنده فرمولاسیون و کیفیت شو خراب نکنه مثل بقیه شرکت های ایرانی بعد یه مدت,Yes,Yes,Yes,Yes
خوب بود ولی اونقدرا هم که تعریف میکنن سبک نیست بوی پماد میده که دوس نداشتم این ویژگیش رو و امیدوارم اصلاح بشه در نسخه های بعدی و کمی چرب میکنه و یکم هم رد سفیدی که زود جذب میشه. در کل نسبت به همه ضدآفتاب های ایرانی سبک تره. دوسش داشتم. فیلم بافتش رو آپلود میکنم,Yes,No,Yes,No
"از این ضد‌آفتاب خیلی راضی هستم. کاملاً جذب میشه و اصلاً روی پوست نمی‌ماسه. قیمتش خیلی مناسبه و امیدوارم یهو افزایش قیمت نداشته باشه. یادتون باشه قبل از استفاده اول حسابی ضدآفتاب رو تکون بدین. امیدوارم تونسته باشم تو انتخاب بهتون کمک کنم. لطفاً نظرات همراه با عکس رو لایک کنین تا بقیه‌ی دوستان هم ببینن و توی خرید بهشون کمک بشه.
",Yes,Yes,Yes,No
"من پوستم چرب و حساسه و جوش میزنم قبلا ضدآفتاب لافارر استفاده میکردم که به علت افزایش قیمتش دنبال یه صد آفتاب با قیمت مناسب و خوب بودم که اینو طبق نظرات گرفتم واقعا هم عالیه مثل لافارر حتی بهتر از اون هم هست،اصلا چرب نیست زود جذب میشه واقعا فلویییدیه،جوش نزدم باهاش، آبرسان که هست،زیر میکاپ هم میشه استفاده کرد❤

گالری کهن

",Yes,Yes,Yes,No
"واقعا خوبه... اصلا زیر نور آفتاب صورت سرخ نمیشه ‌و خبری از عرق صورت هم نیست. سبک هم هستش .تنها مشکل پلپ نبودن جعبه کالا بود. چند مورد دیگه هم وسایل آرایشی بهداشتی این مدت خریداری کردم از دیجی کالا که اونا هم جعبشون پلمپ نداشتن...خواهشا این مورد بررسی کنید

",No,Yes,Yes,No
"من خیلی از ضد آفتاب هارو امتحان کردم چه ایرانی چه خارجی و بدون شک این بهترین ضد آفتابه ! مخصوصا برای پوست های چرب و مستعد اکنه حتی‌ برای پوست های خشک هم خوبه. من ازش حتی دور چشم هامم میزنم نه سوزش ایجاد میکنه نه بو داره. واقعاً یکی از بهترین ضد آفتاب هاس و قابل رقابت با خارجی ها! کلا برند مای خیلی خوبه تازگی همه لوازم آرایشی بهداشتی رو از مای میگیرم! قیمت این هم توی دیجی مناسب تر از بیرونه

برند معتبر و قدیمی مای

محافظ خوب دربرابر آفتاب

جذب سریع

کیفیت

مواد تشکیل دهنده

فاقد پارابن و سیلیکون",Yes,Yes,Yes,Yes
"بنظرم خیلی خوبه به نسبت بقیه‌ی فلوییدهای ایرانی که خریدم این اصلا نه باعث عرق کردنم شد نه برق انداخت صورتمو و خیلی سبکه و زودجذب میشه،من عاشق بافتش شدم علاوه بر این ها تکنولوژی استفاده روی صورت خیس رو داره که خیلی ویژگی خوبیه👍 حتما توصیه میکنم فقط حتما باید خوب تکونش بدید و این طبیعیه که آبکی باشه چون بر پایه‌ی آبه من با این ضدآفتاب ورزش هم کردم صورتم عرق نکرد اما با فلویید ژیناژن صورتم خیس عرق میشد با اینکه گرون‌ترم هست

بافت سبک

بدون چربی

زودجذب",Yes,Yes,Yes,Yes
"با توجه به اینکه قدیمها برای لب دریا از ضدآفتابای مای استفاده میکردیم و خیلی چربو سنگین بودن، پیشرفت این برند توی تولید ضدآفتاب سبک برای صورت قابل تحسینه، حقیقتا با اینکه تعریفشو شنیدم توقع نداشتم خیلی خوب باشه، اما عالی بود، خیلی سبک و خیلی سریع جذب میشه حس میکنی چیزی روی پوست نیست و عرق نمیکنه. فقط حجمش یکم کمه، اگر بیشتر باشه دیگه یه محصول بی نقص میشه. ممنون از دیجیکالا.",Yes,No,Yes,No
"خیلی سبکه و خیلی خوب جذب میشه و اصلا چرب نیست، سفیدی هم ب جا نمیذاره. برای زیر ارایش و مصارف روزانه عالیه",Yes,No,Yes,No
خیلی ازش راضیم ۵تا ضد افتاب دارم این ضد افتاب از همش سبک تره,Yes,No,Yes,No
"عالی عالی عالی ، من که عاشقش شدم ، خیلی سبک و خوبه ، چون ماسک هم میزنیم این ضدافتاب برخلاف بقیه ضدافتابایی که داشتم مه عرق کرد نه رو پوستم سنگین شد که ازیت بشم ، امیدوارم با این کیفیت خوب بعدا گرون نشه ، کاش دوتا میخریدم",No,Yes,Yes,No
"بااینکه من پوستم چرب بود،و این کرم برا انواع پوست بود،ولی هیچگونه چربی و رد سفیدی رو پوست نمیندازه سریع عم جذب میشه",Yes,No,Yes,No
"فوق العاده سبک،جذب بسیار سریع، بدون رنگ. محشره؛ یک ضدآفتاب واقعی.",Yes,No,Yes,No
کارتون کثیف بود ولی خب مهم نیست مهم کیفیته که خیلی خوبه شبکه و اصلا چرب نیست زود جذب میشه و پوستم براق نمیکنه,Yes,No,Yes,No
"من تا به حال دو سه بسته ازش استفاده کردم. خیلی خیلی کیفیت خوبی داره. چند لایه ضدآفتاب می تونید بزنید بدون احساس سنگینی. اگر روتین پوستی مناسب پوست چرب هم داشته باشید، احتمالا پوستتون اصلا چرب نیم شه. هیچ رد سفیدی هم باقی نمی گذاره. در مجموع یکی از عالی ترین ضدآفتاب هاییه که به عمرم استفاده کردم.",No,No,Yes,No
"عالی و بی نظیره، خیلی زود جذب میشه و رو پوست صورت خوب می‌شینه، چربی خیلی کمی داره و فوق العاده سبکه همیشه تمدیدش میکنم‌. دوباره تمدیدش کردم و همچنان عالیه برای هر فصلی در خریدش تردید نکنید.",Yes,No,Yes,No
"من باهاش جوش نزدم، جاش نمیمونه، کلا خوبه سبک و خوبع",No,No,Yes,No
"من پوست صورتم چربه و این ضد آفتاب زیاد برق ننداخت صورتم رو و خیلی سبکه و سریع جذب میشه و رد سفیدی هم نمیذاره اصلا رو پوست

جذب سریع

سبک",Yes,No,Yes,No
"عالی عالییییی بهترین ضد آفتاب ایرانی قیمت مناسب خیلی سبکه خیلی خوبه عالیه قیمتش هم فوق العادس

بدون رد سفیدی

سهولت در پخس

سبک و زود جذببببب",Yes,Yes,Yes,No
واقعا نسبت به قیمت کیفیت خیلی خوبی داره‌ اصلا باعث جوش نمیشه خیلی سبکه و زود جذبه رد سفیدی اصلا نداره باعث خراب شدن و چرب شدن ارایش هم نمیشه,Yes,Yes,Yes,No
خوب جذب میشه برق نمیندازه و حس سنگینی نمیده ولی خوب اگ تخفیف بزارن خریدش رو پیشنهاد میکنم من با قیمت روی خود کالا خریداری کردم بسته بندی مناسب هم داشت,Yes,Yes,Yes,No
عالی روی پوست حس سنگینی نداره اصلا سفید سفیدک هم نمیشه,No,No,Yes,No
عالیه واقعا نقطه ضعفی ازش ندیدم,No,No,Yes,No
"خیلی خیلی خوبه من از سینره استفاده میکردم ولی جوشای گنده میزدم ولی این بی نظیره در نهایت پوست و مات میکنه و برای زیر ارایش هم مناسبه فقط قبل از استفاده به خوبی تکونش بدین

بدون بو

جذب سریع

خیلی خیلی سبکه",Yes,No,Yes,No
"این ضدافتابو جایگزین سینره زرد کردم و باید بگم عمیقا عااااالیه رقيق و سريع جذب پوست میشه اول که میزنین تا ۲-۳ دقيقه یکم براقه ولی بعد اون کامل مات میشه

سريع جذب میشه

رد سفیدی نمیزاره به هیچ عنوان

رقيق",Yes,No,Yes,No
"این ضد آفتاب سبک وبیرنگه،زود جذب میشه،برای انواع پوست همچنین برای بچه ها و آقایان هم مناسبه،چون رد سفیدی نداره",Yes,No,Yes,No
